District,Lat,Lon,Date,Rain_mm,Rain_Prob,Period,Fetched_at,Fetched_date
Thiruvananthapuram,8.5241,76.9366,2026-09-14,4.4,100,Past,2026-09-21 21:12:28,2026-09-21
Thiruvananthapuram,8.5241,76.9366,2026-09-15,1.1,69,Past,2026-09-21 21:12:28,2026-09-21
Thiruvananthapuram,8.5241,76.9366,2026-09-16,1.3,47,Past,2026-09-21 21:12:28,2026-09-21
Thiruvananthapuram,8.5241,76.9366,2026-09-17,3.1,87,Past,2026-09-21 21:12:28,2026-09-21
Thiruvananthapuram,8.5241,76.9366,2026-09-18,2.6,100,Past,2026-09-21 21:12:28,2026-09-21
Thiruvananthapuram,8.5241,76.9366,2026-09-19,19.7,100,Past,2026-09-21 21:12:28,2026-09-21
Thiruvananthapuram,8.5241,76.9366,2026-09-20,12.2,100,Past,2026-09-21 21:12:28,2026-09-21
Thiruvananthapuram,8.5241,76.9366,2026-09-21,13.2,99,Forecast,2026-09-21 21:12:28,2026-09-21
Thiruvananthapuram,8.5241,76.9366,2026-09-22,3.1,100,Forecast,2026-09-21 21:12:28,2026-09-21
Thiruvananthapuram,8.5241,76.9366,2026-09-23,11.3,82,Forecast,2026-09-21 21:12:28,2026-09-21
Thiruvananthapuram,8.5241,76.9366,2026-09-24,6.5,98,Forecast,2026-09-21 21:12:28,2026-09-21
Thiruvananthapuram,8.5241,76.9366,2026-09-25,22.3,76,Forecast,2026-09-21 21:12:28,2026-09-21
Thiruvananthapuram,8.5241,76.9366,2026-09-26,15.3,83,Forecast,2026-09-21 21:12:28,2026-09-21
Thiruvananthapuram,8.5241,76.9366,2026-09-27,2.4,53,Forecast,2026-09-21 21:12:28,2026-09-21
Kollam,8.8932,76.6141,2026-09-14,4.0,90,Past,2026-09-21 21:12:28,2026-09-21
Kollam,8.8932,76.6141,2026-09-15,1.7,77,Past,2026-09-21 21:12:28,2026-09-21
Kollam,8.8932,76.6141,2026-09-16,6.0,51,Past,2026-09-21 21:12:28,2026-09-21
Kollam,8.8932,76.6141,2026-09-17,8.4,100,Past,2026-09-21 21:12:28,2026-09-21
Kollam,8.8932,76.6141,2026-09-18,1.9,100,Past,2026-09-21 21:12:28,2026-09-21
Kollam,8.8932,76.6141,2026-09-19,11.0,100,Past,2026-09-21 21:12:28,2026-09-21
Kollam,8.8932,76.6141,2026-09-20,17.8,100,Past,2026-09-21 21:12:28,2026-09-21
Kollam,8.8932,76.6141,2026-09-21,14.5,99,Forecast,2026-09-21 21:12:28,2026-09-21
Kollam,8.8932,76.6141,2026-09-22,4.6,97,Forecast,2026-09-21 21:12:28,2026-09-21
Kollam,8.8932,76.6141,2026-09-23,6.3,79,Forecast,2026-09-21 21:12:28,2026-09-21
Kollam,8.8932,76.6141,2026-09-24,3.5,94,Forecast,2026-09-21 21:12:28,2026-09-21
Kollam,8.8932,76.6141,2026-09-25,13.5,78,Forecast,2026-09-21 21:12:28,2026-09-21
Kollam,8.8932,76.6141,2026-09-26,24.3,89,Forecast,2026-09-21 21:12:28,2026-09-21
Kollam,8.8932,76.6141,2026-09-27,4.8,60,Forecast,2026-09-21 21:12:28,2026-09-21
Pathanamthitta,9.2648,76.787,2026-09-14,3.3,88,Past,2026-09-21 21:12:28,2026-09-21
Pathanamthitta,9.2648,76.787,2026-09-15,1.6,73,Past,2026-09-21 21:12:28,2026-09-21
Pathanamthitta,9.2648,76.787,2026-09-16,0.9,53,Past,2026-09-21 21:12:28,2026-09-21
Pathanamthitta,9.2648,76.787,2026-09-17,14.9,100,Past,2026-09-21 21:12:28,2026-09-21
Pathanamthitta,9.2648,76.787,2026-09-18,5.0,89,Past,2026-09-21 21:12:28,2026-09-21
Pathanamthitta,9.2648,76.787,2026-09-19,25.7,100,Past,2026-09-21 21:12:28,2026-09-21
Pathanamthitta,9.2648,76.787,2026-09-20,28.2,100,Past,2026-09-21 21:12:28,2026-09-21
Pathanamthitta,9.2648,76.787,2026-09-21,10.5,100,Forecast,2026-09-21 21:12:28,2026-09-21
Pathanamthitta,9.2648,76.787,2026-09-22,7.4,98,Forecast,2026-09-21 21:12:28,2026-09-21
Pathanamthitta,9.2648,76.787,2026-09-23,3.0,86,Forecast,2026-09-21 21:12:28,2026-09-21
Pathanamthitta,9.2648,76.787,2026-09-24,4.3,88,Forecast,2026-09-21 21:12:28,2026-09-21
Pathanamthitta,9.2648,76.787,2026-09-25,7.2,78,Forecast,2026-09-21 21:12:28,2026-09-21
Pathanamthitta,9.2648,76.787,2026-09-26,17.1,88,Forecast,2026-09-21 21:12:28,2026-09-21
Pathanamthitta,9.2648,76.787,2026-09-27,4.8,67,Forecast,2026-09-21 21:12:28,2026-09-21
Alappuzha,9.4981,76.3388,2026-09-14,2.6,77,Past,2026-09-21 21:12:28,2026-09-21
Alappuzha,9.4981,76.3388,2026-09-15,0.0,57,Past,2026-09-21 21:12:28,2026-09-21
Alappuzha,9.4981,76.3388,2026-09-16,5.2,49,Past,2026-09-21 21:12:28,2026-09-21
Alappuzha,9.4981,76.3388,2026-09-17,2.9,97,Past,2026-09-21 21:12:28,2026-09-21
Alappuzha,9.4981,76.3388,2026-09-18,1.7,90,Past,2026-09-21 21:12:28,2026-09-21
Alappuzha,9.4981,76.3388,2026-09-19,12.8,100,Past,2026-09-21 21:12:28,2026-09-21
Alappuzha,9.4981,76.3388,2026-09-20,26.5,100,Past,2026-09-21 21:12:28,2026-09-21
Alappuzha,9.4981,76.3388,2026-09-21,19.8,100,Forecast,2026-09-21 21:12:28,2026-09-21
Alappuzha,9.4981,76.3388,2026-09-22,9.6,89,Forecast,2026-09-21 21:12:28,2026-09-21
Alappuzha,9.4981,76.3388,2026-09-23,4.1,73,Forecast,2026-09-21 21:12:28,2026-09-21
Alappuzha,9.4981,76.3388,2026-09-24,7.3,86,Forecast,2026-09-21 21:12:28,2026-09-21
Alappuzha,9.4981,76.3388,2026-09-25,3.2,69,Forecast,2026-09-21 21:12:28,2026-09-21
Alappuzha,9.4981,76.3388,2026-09-26,7.8,74,Forecast,2026-09-21 21:12:28,2026-09-21
Alappuzha,9.4981,76.3388,2026-09-27,4.5,51,Forecast,2026-09-21 21:12:28,2026-09-21
Kottayam,9.5916,76.5222,2026-09-14,1.4,77,Past,2026-09-21 21:12:28,2026-09-21
Kottayam,9.5916,76.5222,2026-09-15,0.0,57,Past,2026-09-21 21:12:28,2026-09-21
Kottayam,9.5916,76.5222,2026-09-16,1.8,49,Past,2026-09-21 21:12:28,2026-09-21
Kottayam,9.5916,76.5222,2026-09-17,10.0,97,Past,2026-09-21 21:12:28,2026-09-21
Kottayam,9.5916,76.5222,2026-09-18,2.4,90,Past,2026-09-21 21:12:28,2026-09-21
Kottayam,9.5916,76.5222,2026-09-19,16.0,100,Past,2026-09-21 21:12:28,2026-09-21
Kottayam,9.5916,76.5222,2026-09-20,27.2,100,Past,2026-09-21 21:12:28,2026-09-21
Kottayam,9.5916,76.5222,2026-09-21,18.6,100,Forecast,2026-09-21 21:12:28,2026-09-21
Kottayam,9.5916,76.5222,2026-09-22,9.4,89,Forecast,2026-09-21 21:12:28,2026-09-21
Kottayam,9.5916,76.5222,2026-09-23,4.2,73,Forecast,2026-09-21 21:12:28,2026-09-21
Kottayam,9.5916,76.5222,2026-09-24,4.6,86,Forecast,2026-09-21 21:12:28,2026-09-21
Kottayam,9.5916,76.5222,2026-09-25,2.0,69,Forecast,2026-09-21 21:12:28,2026-09-21
Kottayam,9.5916,76.5222,2026-09-26,6.0,74,Forecast,2026-09-21 21:12:28,2026-09-21
Kottayam,9.5916,76.5222,2026-09-27,5.4,51,Forecast,2026-09-21 21:12:28,2026-09-21
Idukki,9.85,76.94,2026-09-14,11.6,100,Past,2026-09-21 21:12:28,2026-09-21
Idukki,9.85,76.94,2026-09-15,6.0,91,Past,2026-09-21 21:12:28,2026-09-21
Idukki,9.85,76.94,2026-09-16,3.0,90,Past,2026-09-21 21:12:28,2026-09-21
Idukki,9.85,76.94,2026-09-17,11.7,100,Past,2026-09-21 21:12:28,2026-09-21
Idukki,9.85,76.94,2026-09-18,7.9,100,Past,2026-09-21 21:12:28,2026-09-21
Idukki,9.85,76.94,2026-09-19,12.3,100,Past,2026-09-21 21:12:28,2026-09-21
Idukki,9.85,76.94,2026-09-20,22.8,100,Past,2026-09-21 21:12:28,2026-09-21
Idukki,9.85,76.94,2026-09-21,8.1,100,Forecast,2026-09-21 21:12:28,2026-09-21
Idukki,9.85,76.94,2026-09-22,16.5,100,Forecast,2026-09-21 21:12:28,2026-09-21
Idukki,9.85,76.94,2026-09-23,14.3,100,Forecast,2026-09-21 21:12:28,2026-09-21
Idukki,9.85,76.94,2026-09-24,12.6,100,Forecast,2026-09-21 21:12:28,2026-09-21
Idukki,9.85,76.94,2026-09-25,6.7,90,Forecast,2026-09-21 21:12:28,2026-09-21
Idukki,9.85,76.94,2026-09-26,1.2,73,Forecast,2026-09-21 21:12:28,2026-09-21
Idukki,9.85,76.94,2026-09-27,4.2,67,Forecast,2026-09-21 21:12:28,2026-09-21
Ernakulam,9.9312,76.2673,2026-09-14,0.6,43,Past,2026-09-21 21:12:28,2026-09-21
Ernakulam,9.9312,76.2673,2026-09-15,0.0,31,Past,2026-09-21 21:12:28,2026-09-21
Ernakulam,9.9312,76.2673,2026-09-16,1.9,69,Past,2026-09-21 21:12:28,2026-09-21
Ernakulam,9.9312,76.2673,2026-09-17,3.0,82,Past,2026-09-21 21:12:28,2026-09-21
Ernakulam,9.9312,76.2673,2026-09-18,1.6,67,Past,2026-09-21 21:12:28,2026-09-21
Ernakulam,9.9312,76.2673,2026-09-19,5.4,88,Past,2026-09-21 21:12:28,2026-09-21
Ernakulam,9.9312,76.2673,2026-09-20,12.8,100,Past,2026-09-21 21:12:28,2026-09-21
Ernakulam,9.9312,76.2673,2026-09-21,24.5,100,Forecast,2026-09-21 21:12:28,2026-09-21
Ernakulam,9.9312,76.2673,2026-09-22,6.3,85,Forecast,2026-09-21 21:12:28,2026-09-21
Ernakulam,9.9312,76.2673,2026-09-23,4.2,66,Forecast,2026-09-21 21:12:28,2026-09-21
Ernakulam,9.9312,76.2673,2026-09-24,4.1,69,Forecast,2026-09-21 21:12:28,2026-09-21
Ernakulam,9.9312,76.2673,2026-09-25,2.1,57,Forecast,2026-09-21 21:12:28,2026-09-21
Ernakulam,9.9312,76.2673,2026-09-26,1.8,58,Forecast,2026-09-21 21:12:28,2026-09-21
Ernakulam,9.9312,76.2673,2026-09-27,6.9,53,Forecast,2026-09-21 21:12:28,2026-09-21
Thrissur,10.5276,76.2144,2026-09-14,1.5,80,Past,2026-09-21 21:12:28,2026-09-21
Thrissur,10.5276,76.2144,2026-09-15,1.4,55,Past,2026-09-21 21:12:28,2026-09-21
Thrissur,10.5276,76.2144,2026-09-16,4.5,80,Past,2026-09-21 21:12:28,2026-09-21
Thrissur,10.5276,76.2144,2026-09-17,15.7,96,Past,2026-09-21 21:12:28,2026-09-21
Thrissur,10.5276,76.2144,2026-09-18,2.7,82,Past,2026-09-21 21:12:28,2026-09-21
Thrissur,10.5276,76.2144,2026-09-19,4.3,99,Past,2026-09-21 21:12:28,2026-09-21
Thrissur,10.5276,76.2144,2026-09-20,18.9,100,Past,2026-09-21 21:12:28,2026-09-21
Thrissur,10.5276,76.2144,2026-09-21,32.5,100,Forecast,2026-09-21 21:12:28,2026-09-21
Thrissur,10.5276,76.2144,2026-09-22,3.6,94,Forecast,2026-09-21 21:12:28,2026-09-21
Thrissur,10.5276,76.2144,2026-09-23,2.1,85,Forecast,2026-09-21 21:12:28,2026-09-21
Thrissur,10.5276,76.2144,2026-09-24,1.9,49,Forecast,2026-09-21 21:12:28,2026-09-21
Thrissur,10.5276,76.2144,2026-09-25,6.0,73,Forecast,2026-09-21 21:12:28,2026-09-21
Thrissur,10.5276,76.2144,2026-09-26,0.0,67,Forecast,2026-09-21 21:12:28,2026-09-21
Thrissur,10.5276,76.2144,2026-09-27,0.6,30,Forecast,2026-09-21 21:12:28,2026-09-21
Palakkad,10.7867,76.6548,2026-09-14,3.9,100,Past,2026-09-21 21:12:28,2026-09-21
Palakkad,10.7867,76.6548,2026-09-15,4.6,69,Past,2026-09-21 21:12:28,2026-09-21
Palakkad,10.7867,76.6548,2026-09-16,3.2,61,Past,2026-09-21 21:12:28,2026-09-21
Palakkad,10.7867,76.6548,2026-09-17,18.1,100,Past,2026-09-21 21:12:28,2026-09-21
Palakkad,10.7867,76.6548,2026-09-18,1.5,72,Past,2026-09-21 21:12:28,2026-09-21
Palakkad,10.7867,76.6548,2026-09-19,9.2,100,Past,2026-09-21 21:12:28,2026-09-21
Palakkad,10.7867,76.6548,2026-09-20,20.2,100,Past,2026-09-21 21:12:28,2026-09-21
Palakkad,10.7867,76.6548,2026-09-21,19.4,100,Forecast,2026-09-21 21:12:28,2026-09-21
Palakkad,10.7867,76.6548,2026-09-22,4.1,100,Forecast,2026-09-21 21:12:28,2026-09-21
Palakkad,10.7867,76.6548,2026-09-23,5.3,86,Forecast,2026-09-21 21:12:28,2026-09-21
Palakkad,10.7867,76.6548,2026-09-24,0.9,47,Forecast,2026-09-21 21:12:28,2026-09-21
Palakkad,10.7867,76.6548,2026-09-25,19.7,85,Forecast,2026-09-21 21:12:28,2026-09-21
Palakkad,10.7867,76.6548,2026-09-26,2.7,80,Forecast,2026-09-21 21:12:28,2026-09-21
Palakkad,10.7867,76.6548,2026-09-27,0.0,45,Forecast,2026-09-21 21:12:28,2026-09-21
Malappuram,11.051,76.0711,2026-09-14,2.8,65,Past,2026-09-21 21:12:28,2026-09-21
Malappuram,11.051,76.0711,2026-09-15,2.4,57,Past,2026-09-21 21:12:28,2026-09-21
Malappuram,11.051,76.0711,2026-09-16,2.8,67,Past,2026-09-21 21:12:28,2026-09-21
Malappuram,11.051,76.0711,2026-09-17,2.4,94,Past,2026-09-21 21:12:28,2026-09-21
Malappuram,11.051,76.0711,2026-09-18,2.5,73,Past,2026-09-21 21:12:28,2026-09-21
Malappuram,11.051,76.0711,2026-09-19,6.3,79,Past,2026-09-21 21:12:28,2026-09-21
Malappuram,11.051,76.0711,2026-09-20,11.4,98,Past,2026-09-21 21:12:28,2026-09-21
Malappuram,11.051,76.0711,2026-09-21,25.0,100,Forecast,2026-09-21 21:12:28,2026-09-21
Malappuram,11.051,76.0711,2026-09-22,1.5,88,Forecast,2026-09-21 21:12:28,2026-09-21
Malappuram,11.051,76.0711,2026-09-23,2.1,73,Forecast,2026-09-21 21:12:28,2026-09-21
Malappuram,11.051,76.0711,2026-09-24,1.8,39,Forecast,2026-09-21 21:12:28,2026-09-21
Malappuram,11.051,76.0711,2026-09-25,19.8,75,Forecast,2026-09-21 21:12:28,2026-09-21
Malappuram,11.051,76.0711,2026-09-26,4.5,65,Forecast,2026-09-21 21:12:28,2026-09-21
Malappuram,11.051,76.0711,2026-09-27,0.0,28,Forecast,2026-09-21 21:12:28,2026-09-21
Kozhikode,11.2588,75.7804,2026-09-14,0.6,100,Past,2026-09-21 21:12:28,2026-09-21
Kozhikode,11.2588,75.7804,2026-09-15,0.2,83,Past,2026-09-21 21:12:28,2026-09-21
Kozhikode,11.2588,75.7804,2026-09-16,0.0,53,Past,2026-09-21 21:12:28,2026-09-21
Kozhikode,11.2588,75.7804,2026-09-17,2.6,90,Past,2026-09-21 21:12:28,2026-09-21
Kozhikode,11.2588,75.7804,2026-09-18,1.5,92,Past,2026-09-21 21:12:28,2026-09-21
Kozhikode,11.2588,75.7804,2026-09-19,1.9,100,Past,2026-09-21 21:12:28,2026-09-21
Kozhikode,11.2588,75.7804,2026-09-20,5.4,100,Past,2026-09-21 21:12:28,2026-09-21
Kozhikode,11.2588,75.7804,2026-09-21,10.0,100,Forecast,2026-09-21 21:12:28,2026-09-21
Kozhikode,11.2588,75.7804,2026-09-22,1.7,75,Forecast,2026-09-21 21:12:28,2026-09-21
Kozhikode,11.2588,75.7804,2026-09-23,0.6,73,Forecast,2026-09-21 21:12:28,2026-09-21
Kozhikode,11.2588,75.7804,2026-09-24,0.4,45,Forecast,2026-09-21 21:12:28,2026-09-21
Kozhikode,11.2588,75.7804,2026-09-25,30.9,92,Forecast,2026-09-21 21:12:28,2026-09-21
Kozhikode,11.2588,75.7804,2026-09-26,5.1,60,Forecast,2026-09-21 21:12:28,2026-09-21
Kozhikode,11.2588,75.7804,2026-09-27,0.0,29,Forecast,2026-09-21 21:12:28,2026-09-21
Wayanad,11.6103,76.083,2026-09-14,4.3,100,Past,2026-09-21 21:12:28,2026-09-21
Wayanad,11.6103,76.083,2026-09-15,2.9,100,Past,2026-09-21 21:12:28,2026-09-21
Wayanad,11.6103,76.083,2026-09-16,0.3,79,Past,2026-09-21 21:12:28,2026-09-21
Wayanad,11.6103,76.083,2026-09-17,1.9,100,Past,2026-09-21 21:12:28,2026-09-21
Wayanad,11.6103,76.083,2026-09-18,4.1,100,Past,2026-09-21 21:12:28,2026-09-21
Wayanad,11.6103,76.083,2026-09-19,3.0,100,Past,2026-09-21 21:12:28,2026-09-21
Wayanad,11.6103,76.083,2026-09-20,3.2,100,Past,2026-09-21 21:12:28,2026-09-21
Wayanad,11.6103,76.083,2026-09-21,4.3,100,Forecast,2026-09-21 21:12:28,2026-09-21
Wayanad,11.6103,76.083,2026-09-22,0.2,77,Forecast,2026-09-21 21:12:28,2026-09-21
Wayanad,11.6103,76.083,2026-09-23,1.4,73,Forecast,2026-09-21 21:12:28,2026-09-21
Wayanad,11.6103,76.083,2026-09-24,0.4,59,Forecast,2026-09-21 21:12:28,2026-09-21
Wayanad,11.6103,76.083,2026-09-25,9.1,98,Forecast,2026-09-21 21:12:28,2026-09-21
Wayanad,11.6103,76.083,2026-09-26,5.1,78,Forecast,2026-09-21 21:12:28,2026-09-21
Wayanad,11.6103,76.083,2026-09-27,0.0,76,Forecast,2026-09-21 21:12:28,2026-09-21
Kannur,11.8745,75.3704,2026-09-14,0.5,18,Past,2026-09-21 21:12:28,2026-09-21
Kannur,11.8745,75.3704,2026-09-15,0.0,10,Past,2026-09-21 21:12:28,2026-09-21
Kannur,11.8745,75.3704,2026-09-16,0.0,27,Past,2026-09-21 21:12:28,2026-09-21
Kannur,11.8745,75.3704,2026-09-17,0.6,47,Past,2026-09-21 21:12:28,2026-09-21
Kannur,11.8745,75.3704,2026-09-18,0.6,76,Past,2026-09-21 21:12:28,2026-09-21
Kannur,11.8745,75.3704,2026-09-19,0.7,66,Past,2026-09-21 21:12:28,2026-09-21
Kannur,11.8745,75.3704,2026-09-20,4.8,98,Past,2026-09-21 21:12:28,2026-09-21
Kannur,11.8745,75.3704,2026-09-21,12.8,98,Forecast,2026-09-21 21:12:28,2026-09-21
Kannur,11.8745,75.3704,2026-09-22,1.0,41,Forecast,2026-09-21 21:12:28,2026-09-21
Kannur,11.8745,75.3704,2026-09-23,1.0,35,Forecast,2026-09-21 21:12:28,2026-09-21
Kannur,11.8745,75.3704,2026-09-24,7.0,57,Forecast,2026-09-21 21:12:28,2026-09-21
Kannur,11.8745,75.3704,2026-09-25,17.7,89,Forecast,2026-09-21 21:12:28,2026-09-21
Kannur,11.8745,75.3704,2026-09-26,4.2,73,Forecast,2026-09-21 21:12:28,2026-09-21
Kannur,11.8745,75.3704,2026-09-27,0.6,31,Forecast,2026-09-21 21:12:28,2026-09-21
Kasaragod,12.4996,74.9869,2026-09-14,0.2,2,Past,2026-09-21 21:12:28,2026-09-21
Kasaragod,12.4996,74.9869,2026-09-15,0.0,0,Past,2026-09-21 21:12:28,2026-09-21
Kasaragod,12.4996,74.9869,2026-09-16,0.1,18,Past,2026-09-21 21:12:28,2026-09-21
Kasaragod,12.4996,74.9869,2026-09-17,0.4,29,Past,2026-09-21 21:12:28,2026-09-21
Kasaragod,12.4996,74.9869,2026-09-18,1.0,55,Past,2026-09-21 21:12:28,2026-09-21
Kasaragod,12.4996,74.9869,2026-09-19,0.3,34,Past,2026-09-21 21:12:28,2026-09-21
Kasaragod,12.4996,74.9869,2026-09-20,3.2,92,Past,2026-09-21 21:12:28,2026-09-21
Kasaragod,12.4996,74.9869,2026-09-21,5.1,96,Forecast,2026-09-21 21:12:28,2026-09-21
Kasaragod,12.4996,74.9869,2026-09-22,1.1,40,Forecast,2026-09-21 21:12:28,2026-09-21
Kasaragod,12.4996,74.9869,2026-09-23,2.4,35,Forecast,2026-09-21 21:12:28,2026-09-21
Kasaragod,12.4996,74.9869,2026-09-24,26.1,90,Forecast,2026-09-21 21:12:28,2026-09-21
Kasaragod,12.4996,74.9869,2026-09-25,11.0,98,Forecast,2026-09-21 21:12:28,2026-09-21
Kasaragod,12.4996,74.9869,2026-09-26,6.9,84,Forecast,2026-09-21 21:12:28,2026-09-21
Kasaragod,12.4996,74.9869,2026-09-27,0.6,49,Forecast,2026-09-21 21:12:28,2026-09-21
Thiruvananthapuram,8.5241,76.9366,2026-09-15,1.1,69,Past,2026-09-22 02:51:38,2026-09-22
Thiruvananthapuram,8.5241,76.9366,2026-09-16,1.3,47,Past,2026-09-22 02:51:38,2026-09-22
Thiruvananthapuram,8.5241,76.9366,2026-09-17,3.1,87,Past,2026-09-22 02:51:38,2026-09-22
Thiruvananthapuram,8.5241,76.9366,2026-09-18,2.6,100,Past,2026-09-22 02:51:38,2026-09-22
Thiruvananthapuram,8.5241,76.9366,2026-09-19,19.7,100,Past,2026-09-22 02:51:38,2026-09-22
Thiruvananthapuram,8.5241,76.9366,2026-09-20,12.2,100,Past,2026-09-22 02:51:38,2026-09-22
Thiruvananthapuram,8.5241,76.9366,2026-09-21,8.8,100,Past,2026-09-22 02:51:38,2026-09-22
Thiruvananthapuram,8.5241,76.9366,2026-09-22,4.2,94,Forecast,2026-09-22 02:51:38,2026-09-22
Thiruvananthapuram,8.5241,76.9366,2026-09-23,6.2,98,Forecast,2026-09-22 02:51:38,2026-09-22
Thiruvananthapuram,8.5241,76.9366,2026-09-24,14.3,92,Forecast,2026-09-22 02:51:38,2026-09-22
Thiruvananthapuram,8.5241,76.9366,2026-09-25,13.9,81,Forecast,2026-09-22 02:51:38,2026-09-22
Thiruvananthapuram,8.5241,76.9366,2026-09-26,19.2,88,Forecast,2026-09-22 02:51:38,2026-09-22
Thiruvananthapuram,8.5241,76.9366,2026-09-27,0.9,65,Forecast,2026-09-22 02:51:38,2026-09-22
Thiruvananthapuram,8.5241,76.9366,2026-09-28,0.0,39,Forecast,2026-09-22 02:51:38,2026-09-22
Kollam,8.8932,76.6141,2026-09-15,1.7,77,Past,2026-09-22 02:51:38,2026-09-22
Kollam,8.8932,76.6141,2026-09-16,6.0,51,Past,2026-09-22 02:51:38,2026-09-22
Kollam,8.8932,76.6141,2026-09-17,8.4,100,Past,2026-09-22 02:51:38,2026-09-22
Kollam,8.8932,76.6141,2026-09-18,1.9,100,Past,2026-09-22 02:51:38,2026-09-22
Kollam,8.8932,76.6141,2026-09-19,11.0,100,Past,2026-09-22 02:51:38,2026-09-22
Kollam,8.8932,76.6141,2026-09-20,17.8,100,Past,2026-09-22 02:51:38,2026-09-22
Kollam,8.8932,76.6141,2026-09-21,13.2,100,Past,2026-09-22 02:51:38,2026-09-22
Kollam,8.8932,76.6141,2026-09-22,3.1,96,Forecast,2026-09-22 02:51:38,2026-09-22
Kollam,8.8932,76.6141,2026-09-23,6.1,92,Forecast,2026-09-22 02:51:38,2026-09-22
Kollam,8.8932,76.6141,2026-09-24,10.1,98,Forecast,2026-09-22 02:51:38,2026-09-22
Kollam,8.8932,76.6141,2026-09-25,10.1,75,Forecast,2026-09-22 02:51:38,2026-09-22
Kollam,8.8932,76.6141,2026-09-26,21.9,86,Forecast,2026-09-22 02:51:38,2026-09-22
Kollam,8.8932,76.6141,2026-09-27,0.6,64,Forecast,2026-09-22 02:51:38,2026-09-22
Kollam,8.8932,76.6141,2026-09-28,1.2,44,Forecast,2026-09-22 02:51:38,2026-09-22
Pathanamthitta,9.2648,76.787,2026-09-15,1.6,73,Past,2026-09-22 02:51:38,2026-09-22
Pathanamthitta,9.2648,76.787,2026-09-16,0.9,53,Past,2026-09-22 02:51:38,2026-09-22
Pathanamthitta,9.2648,76.787,2026-09-17,14.9,100,Past,2026-09-22 02:51:38,2026-09-22
Pathanamthitta,9.2648,76.787,2026-09-18,5.0,89,Past,2026-09-22 02:51:38,2026-09-22
Pathanamthitta,9.2648,76.787,2026-09-19,25.7,100,Past,2026-09-22 02:51:38,2026-09-22
Pathanamthitta,9.2648,76.787,2026-09-20,28.2,100,Past,2026-09-22 02:51:38,2026-09-22
Pathanamthitta,9.2648,76.787,2026-09-21,13.6,100,Past,2026-09-22 02:51:38,2026-09-22
Pathanamthitta,9.2648,76.787,2026-09-22,10.3,100,Forecast,2026-09-22 02:51:38,2026-09-22
Pathanamthitta,9.2648,76.787,2026-09-23,3.3,93,Forecast,2026-09-22 02:51:38,2026-09-22
Pathanamthitta,9.2648,76.787,2026-09-24,3.8,98,Forecast,2026-09-22 02:51:38,2026-09-22
Pathanamthitta,9.2648,76.787,2026-09-25,1.8,73,Forecast,2026-09-22 02:51:38,2026-09-22
Pathanamthitta,9.2648,76.787,2026-09-26,15.3,88,Forecast,2026-09-22 02:51:38,2026-09-22
Pathanamthitta,9.2648,76.787,2026-09-27,1.2,67,Forecast,2026-09-22 02:51:38,2026-09-22
Pathanamthitta,9.2648,76.787,2026-09-28,1.8,49,Forecast,2026-09-22 02:51:38,2026-09-22
Alappuzha,9.4981,76.3388,2026-09-15,0.0,57,Past,2026-09-22 02:51:38,2026-09-22
Alappuzha,9.4981,76.3388,2026-09-16,5.2,49,Past,2026-09-22 02:51:38,2026-09-22
Alappuzha,9.4981,76.3388,2026-09-17,2.9,97,Past,2026-09-22 02:51:38,2026-09-22
Alappuzha,9.4981,76.3388,2026-09-18,1.7,90,Past,2026-09-22 02:51:38,2026-09-22
Alappuzha,9.4981,76.3388,2026-09-19,12.8,100,Past,2026-09-22 02:51:38,2026-09-22
Alappuzha,9.4981,76.3388,2026-09-20,26.5,100,Past,2026-09-22 02:51:38,2026-09-22
Alappuzha,9.4981,76.3388,2026-09-21,17.6,100,Past,2026-09-22 02:51:38,2026-09-22
Alappuzha,9.4981,76.3388,2026-09-22,5.6,87,Forecast,2026-09-22 02:51:38,2026-09-22
Alappuzha,9.4981,76.3388,2026-09-23,5.3,78,Forecast,2026-09-22 02:51:38,2026-09-22
Alappuzha,9.4981,76.3388,2026-09-24,5.7,91,Forecast,2026-09-22 02:51:38,2026-09-22
Alappuzha,9.4981,76.3388,2026-09-25,1.8,61,Forecast,2026-09-22 02:51:38,2026-09-22
Alappuzha,9.4981,76.3388,2026-09-26,6.6,76,Forecast,2026-09-22 02:51:38,2026-09-22
Alappuzha,9.4981,76.3388,2026-09-27,0.9,49,Forecast,2026-09-22 02:51:38,2026-09-22
Alappuzha,9.4981,76.3388,2026-09-28,1.8,37,Forecast,2026-09-22 02:51:38,2026-09-22
Kottayam,9.5916,76.5222,2026-09-15,0.0,57,Past,2026-09-22 02:51:38,2026-09-22
Kottayam,9.5916,76.5222,2026-09-16,1.8,49,Past,2026-09-22 02:51:38,2026-09-22
Kottayam,9.5916,76.5222,2026-09-17,10.0,97,Past,2026-09-22 02:51:38,2026-09-22
Kottayam,9.5916,76.5222,2026-09-18,2.4,90,Past,2026-09-22 02:51:38,2026-09-22
Kottayam,9.5916,76.5222,2026-09-19,16.0,100,Past,2026-09-22 02:51:38,2026-09-22
Kottayam,9.5916,76.5222,2026-09-20,27.2,100,Past,2026-09-22 02:51:38,2026-09-22
Kottayam,9.5916,76.5222,2026-09-21,18.9,100,Past,2026-09-22 02:51:38,2026-09-22
Kottayam,9.5916,76.5222,2026-09-22,8.2,87,Forecast,2026-09-22 02:51:38,2026-09-22
Kottayam,9.5916,76.5222,2026-09-23,2.9,78,Forecast,2026-09-22 02:51:38,2026-09-22
Kottayam,9.5916,76.5222,2026-09-24,6.1,91,Forecast,2026-09-22 02:51:38,2026-09-22
Kottayam,9.5916,76.5222,2026-09-25,0.8,61,Forecast,2026-09-22 02:51:38,2026-09-22
Kottayam,9.5916,76.5222,2026-09-26,4.5,76,Forecast,2026-09-22 02:51:38,2026-09-22
Kottayam,9.5916,76.5222,2026-09-27,0.3,49,Forecast,2026-09-22 02:51:38,2026-09-22
Kottayam,9.5916,76.5222,2026-09-28,1.8,37,Forecast,2026-09-22 02:51:38,2026-09-22
Idukki,9.85,76.94,2026-09-15,6.0,91,Past,2026-09-22 02:51:38,2026-09-22
Idukki,9.85,76.94,2026-09-16,3.0,90,Past,2026-09-22 02:51:38,2026-09-22
Idukki,9.85,76.94,2026-09-17,11.7,100,Past,2026-09-22 02:51:38,2026-09-22
Idukki,9.85,76.94,2026-09-18,7.9,100,Past,2026-09-22 02:51:38,2026-09-22
Idukki,9.85,76.94,2026-09-19,12.3,100,Past,2026-09-22 02:51:38,2026-09-22
Idukki,9.85,76.94,2026-09-20,22.8,100,Past,2026-09-22 02:51:38,2026-09-22
Idukki,9.85,76.94,2026-09-21,7.6,100,Past,2026-09-22 02:51:38,2026-09-22
Idukki,9.85,76.94,2026-09-22,17.9,98,Forecast,2026-09-22 02:51:38,2026-09-22
Idukki,9.85,76.94,2026-09-23,12.5,100,Forecast,2026-09-22 02:51:38,2026-09-22
Idukki,9.85,76.94,2026-09-24,13.9,98,Forecast,2026-09-22 02:51:38,2026-09-22
Idukki,9.85,76.94,2026-09-25,5.6,86,Forecast,2026-09-22 02:51:38,2026-09-22
Idukki,9.85,76.94,2026-09-26,4.5,80,Forecast,2026-09-22 02:51:38,2026-09-22
Idukki,9.85,76.94,2026-09-27,1.8,67,Forecast,2026-09-22 02:51:38,2026-09-22
Idukki,9.85,76.94,2026-09-28,3.6,57,Forecast,2026-09-22 02:51:38,2026-09-22
Ernakulam,9.9312,76.2673,2026-09-15,0.0,31,Past,2026-09-22 02:51:38,2026-09-22
Ernakulam,9.9312,76.2673,2026-09-16,1.9,69,Past,2026-09-22 02:51:38,2026-09-22
Ernakulam,9.9312,76.2673,2026-09-17,3.0,82,Past,2026-09-22 02:51:38,2026-09-22
Ernakulam,9.9312,76.2673,2026-09-18,1.6,67,Past,2026-09-22 02:51:38,2026-09-22
Ernakulam,9.9312,76.2673,2026-09-19,5.4,88,Past,2026-09-22 02:51:38,2026-09-22
Ernakulam,9.9312,76.2673,2026-09-20,12.8,100,Past,2026-09-22 02:51:38,2026-09-22
Ernakulam,9.9312,76.2673,2026-09-21,23.1,100,Past,2026-09-22 02:51:38,2026-09-22
Ernakulam,9.9312,76.2673,2026-09-22,5.8,98,Forecast,2026-09-22 02:51:38,2026-09-22
Ernakulam,9.9312,76.2673,2026-09-23,2.7,67,Forecast,2026-09-22 02:51:38,2026-09-22
Ernakulam,9.9312,76.2673,2026-09-24,4.2,77,Forecast,2026-09-22 02:51:38,2026-09-22
Ernakulam,9.9312,76.2673,2026-09-25,0.3,61,Forecast,2026-09-22 02:51:38,2026-09-22
Ernakulam,9.9312,76.2673,2026-09-26,2.1,61,Forecast,2026-09-22 02:51:38,2026-09-22
Ernakulam,9.9312,76.2673,2026-09-27,0.0,43,Forecast,2026-09-22 02:51:38,2026-09-22
Ernakulam,9.9312,76.2673,2026-09-28,1.2,33,Forecast,2026-09-22 02:51:38,2026-09-22
Thrissur,10.5276,76.2144,2026-09-15,1.4,55,Past,2026-09-22 02:51:38,2026-09-22
Thrissur,10.5276,76.2144,2026-09-16,4.5,80,Past,2026-09-22 02:51:38,2026-09-22
Thrissur,10.5276,76.2144,2026-09-17,15.7,96,Past,2026-09-22 02:51:38,2026-09-22
Thrissur,10.5276,76.2144,2026-09-18,2.7,82,Past,2026-09-22 02:51:38,2026-09-22
Thrissur,10.5276,76.2144,2026-09-19,4.3,99,Past,2026-09-22 02:51:38,2026-09-22
Thrissur,10.5276,76.2144,2026-09-20,18.9,100,Past,2026-09-22 02:51:38,2026-09-22
Thrissur,10.5276,76.2144,2026-09-21,31.5,100,Past,2026-09-22 02:51:38,2026-09-22
Thrissur,10.5276,76.2144,2026-09-22,6.3,84,Forecast,2026-09-22 02:51:38,2026-09-22
Thrissur,10.5276,76.2144,2026-09-23,1.8,79,Forecast,2026-09-22 02:51:38,2026-09-22
Thrissur,10.5276,76.2144,2026-09-24,2.3,65,Forecast,2026-09-22 02:51:38,2026-09-22
Thrissur,10.5276,76.2144,2026-09-25,13.5,76,Forecast,2026-09-22 02:51:38,2026-09-22
Thrissur,10.5276,76.2144,2026-09-26,0.6,65,Forecast,2026-09-22 02:51:38,2026-09-22
Thrissur,10.5276,76.2144,2026-09-27,0.0,39,Forecast,2026-09-22 02:51:38,2026-09-22
Thrissur,10.5276,76.2144,2026-09-28,1.8,33,Forecast,2026-09-22 02:51:38,2026-09-22
Palakkad,10.7867,76.6548,2026-09-15,4.6,69,Past,2026-09-22 02:51:38,2026-09-22
Palakkad,10.7867,76.6548,2026-09-16,3.2,61,Past,2026-09-22 02:51:38,2026-09-22
Palakkad,10.7867,76.6548,2026-09-17,18.1,100,Past,2026-09-22 02:51:38,2026-09-22
Palakkad,10.7867,76.6548,2026-09-18,1.5,72,Past,2026-09-22 02:51:38,2026-09-22
Palakkad,10.7867,76.6548,2026-09-19,9.2,100,Past,2026-09-22 02:51:38,2026-09-22
Palakkad,10.7867,76.6548,2026-09-20,20.2,100,Past,2026-09-22 02:51:38,2026-09-22
Palakkad,10.7867,76.6548,2026-09-21,17.8,100,Past,2026-09-22 02:51:38,2026-09-22
Palakkad,10.7867,76.6548,2026-09-22,8.8,94,Forecast,2026-09-22 02:51:38,2026-09-22
Palakkad,10.7867,76.6548,2026-09-23,4.4,93,Forecast,2026-09-22 02:51:38,2026-09-22
Palakkad,10.7867,76.6548,2026-09-24,0.4,42,Forecast,2026-09-22 02:51:38,2026-09-22
Palakkad,10.7867,76.6548,2026-09-25,15.2,78,Forecast,2026-09-22 02:51:38,2026-09-22
Palakkad,10.7867,76.6548,2026-09-26,0.3,73,Forecast,2026-09-22 02:51:38,2026-09-22
Palakkad,10.7867,76.6548,2026-09-27,0.0,45,Forecast,2026-09-22 02:51:38,2026-09-22
Palakkad,10.7867,76.6548,2026-09-28,1.2,27,Forecast,2026-09-22 02:51:38,2026-09-22
Malappuram,11.051,76.0711,2026-09-15,2.4,57,Past,2026-09-22 02:51:38,2026-09-22
Malappuram,11.051,76.0711,2026-09-16,2.8,67,Past,2026-09-22 02:51:38,2026-09-22
Malappuram,11.051,76.0711,2026-09-17,2.4,94,Past,2026-09-22 02:51:38,2026-09-22
Malappuram,11.051,76.0711,2026-09-18,2.5,73,Past,2026-09-22 02:51:38,2026-09-22
Malappuram,11.051,76.0711,2026-09-19,6.3,79,Past,2026-09-22 02:51:38,2026-09-22
Malappuram,11.051,76.0711,2026-09-20,11.4,98,Past,2026-09-22 02:51:38,2026-09-22
Malappuram,11.051,76.0711,2026-09-21,22.6,100,Past,2026-09-22 02:51:38,2026-09-22
Malappuram,11.051,76.0711,2026-09-22,2.1,86,Forecast,2026-09-22 02:51:38,2026-09-22
Malappuram,11.051,76.0711,2026-09-23,0.4,71,Forecast,2026-09-22 02:51:38,2026-09-22
Malappuram,11.051,76.0711,2026-09-24,0.0,33,Forecast,2026-09-22 02:51:38,2026-09-22
Malappuram,11.051,76.0711,2026-09-25,10.3,84,Forecast,2026-09-22 02:51:38,2026-09-22
Malappuram,11.051,76.0711,2026-09-26,3.0,69,Forecast,2026-09-22 02:51:38,2026-09-22
Malappuram,11.051,76.0711,2026-09-27,0.0,32,Forecast,2026-09-22 02:51:38,2026-09-22
Malappuram,11.051,76.0711,2026-09-28,1.2,24,Forecast,2026-09-22 02:51:38,2026-09-22
Kozhikode,11.2588,75.7804,2026-09-15,0.2,83,Past,2026-09-22 02:51:38,2026-09-22
Kozhikode,11.2588,75.7804,2026-09-16,0.0,53,Past,2026-09-22 02:51:38,2026-09-22
Kozhikode,11.2588,75.7804,2026-09-17,2.6,90,Past,2026-09-22 02:51:38,2026-09-22
Kozhikode,11.2588,75.7804,2026-09-18,1.5,92,Past,2026-09-22 02:51:38,2026-09-22
Kozhikode,11.2588,75.7804,2026-09-19,1.9,100,Past,2026-09-22 02:51:38,2026-09-22
Kozhikode,11.2588,75.7804,2026-09-20,5.4,100,Past,2026-09-22 02:51:38,2026-09-22
Kozhikode,11.2588,75.7804,2026-09-21,5.7,100,Past,2026-09-22 02:51:38,2026-09-22
Kozhikode,11.2588,75.7804,2026-09-22,0.8,71,Forecast,2026-09-22 02:51:38,2026-09-22
Kozhikode,11.2588,75.7804,2026-09-23,0.6,73,Forecast,2026-09-22 02:51:38,2026-09-22
Kozhikode,11.2588,75.7804,2026-09-24,1.0,35,Forecast,2026-09-22 02:51:38,2026-09-22
Kozhikode,11.2588,75.7804,2026-09-25,22.8,87,Forecast,2026-09-22 02:51:38,2026-09-22
Kozhikode,11.2588,75.7804,2026-09-26,10.2,63,Forecast,2026-09-22 02:51:38,2026-09-22
Kozhikode,11.2588,75.7804,2026-09-27,0.0,29,Forecast,2026-09-22 02:51:38,2026-09-22
Kozhikode,11.2588,75.7804,2026-09-28,0.0,31,Forecast,2026-09-22 02:51:38,2026-09-22
Wayanad,11.6103,76.083,2026-09-15,2.9,100,Past,2026-09-22 02:51:38,2026-09-22
Wayanad,11.6103,76.083,2026-09-16,0.3,79,Past,2026-09-22 02:51:38,2026-09-22
Wayanad,11.6103,76.083,2026-09-17,1.9,100,Past,2026-09-22 02:51:38,2026-09-22
Wayanad,11.6103,76.083,2026-09-18,4.1,100,Past,2026-09-22 02:51:38,2026-09-22
Wayanad,11.6103,76.083,2026-09-19,3.0,100,Past,2026-09-22 02:51:38,2026-09-22
Wayanad,11.6103,76.083,2026-09-20,3.2,100,Past,2026-09-22 02:51:38,2026-09-22
Wayanad,11.6103,76.083,2026-09-21,4.5,100,Past,2026-09-22 02:51:38,2026-09-22
Wayanad,11.6103,76.083,2026-09-22,1.7,67,Forecast,2026-09-22 02:51:38,2026-09-22
Wayanad,11.6103,76.083,2026-09-23,0.0,69,Forecast,2026-09-22 02:51:38,2026-09-22
Wayanad,11.6103,76.083,2026-09-24,0.0,46,Forecast,2026-09-22 02:51:38,2026-09-22
Wayanad,11.6103,76.083,2026-09-25,11.9,98,Forecast,2026-09-22 02:51:38,2026-09-22
Wayanad,11.6103,76.083,2026-09-26,8.7,81,Forecast,2026-09-22 02:51:38,2026-09-22
Wayanad,11.6103,76.083,2026-09-27,0.6,76,Forecast,2026-09-22 02:51:38,2026-09-22
Wayanad,11.6103,76.083,2026-09-28,2.4,67,Forecast,2026-09-22 02:51:38,2026-09-22
Kannur,11.8745,75.3704,2026-09-15,0.0,10,Past,2026-09-22 02:51:38,2026-09-22
Kannur,11.8745,75.3704,2026-09-16,0.0,27,Past,2026-09-22 02:51:38,2026-09-22
Kannur,11.8745,75.3704,2026-09-17,0.6,47,Past,2026-09-22 02:51:38,2026-09-22
Kannur,11.8745,75.3704,2026-09-18,0.6,76,Past,2026-09-22 02:51:38,2026-09-22
Kannur,11.8745,75.3704,2026-09-19,0.7,66,Past,2026-09-22 02:51:38,2026-09-22
Kannur,11.8745,75.3704,2026-09-20,4.8,98,Past,2026-09-22 02:51:38,2026-09-22
Kannur,11.8745,75.3704,2026-09-21,12.8,98,Past,2026-09-22 02:51:38,2026-09-22
Kannur,11.8745,75.3704,2026-09-22,1.2,33,Forecast,2026-09-22 02:51:38,2026-09-22
Kannur,11.8745,75.3704,2026-09-23,1.3,47,Forecast,2026-09-22 02:51:38,2026-09-22
Kannur,11.8745,75.3704,2026-09-24,0.5,39,Forecast,2026-09-22 02:51:38,2026-09-22
Kannur,11.8745,75.3704,2026-09-25,23.4,89,Forecast,2026-09-22 02:51:38,2026-09-22
Kannur,11.8745,75.3704,2026-09-26,23.7,76,Forecast,2026-09-22 02:51:38,2026-09-22
Kannur,11.8745,75.3704,2026-09-27,0.0,35,Forecast,2026-09-22 02:51:38,2026-09-22
Kannur,11.8745,75.3704,2026-09-28,0.0,14,Forecast,2026-09-22 02:51:38,2026-09-22
Kasaragod,12.4996,74.9869,2026-09-15,0.0,0,Past,2026-09-22 02:51:38,2026-09-22
Kasaragod,12.4996,74.9869,2026-09-16,0.1,18,Past,2026-09-22 02:51:38,2026-09-22
Kasaragod,12.4996,74.9869,2026-09-17,0.4,29,Past,2026-09-22 02:51:38,2026-09-22
Kasaragod,12.4996,74.9869,2026-09-18,1.0,55,Past,2026-09-22 02:51:38,2026-09-22
Kasaragod,12.4996,74.9869,2026-09-19,0.3,34,Past,2026-09-22 02:51:38,2026-09-22
Kasaragod,12.4996,74.9869,2026-09-20,3.2,92,Past,2026-09-22 02:51:38,2026-09-22
Kasaragod,12.4996,74.9869,2026-09-21,4.9,96,Past,2026-09-22 02:51:38,2026-09-22
Kasaragod,12.4996,74.9869,2026-09-22,0.4,24,Forecast,2026-09-22 02:51:38,2026-09-22
Kasaragod,12.4996,74.9869,2026-09-23,0.4,35,Forecast,2026-09-22 02:51:38,2026-09-22
Kasaragod,12.4996,74.9869,2026-09-24,15.6,88,Forecast,2026-09-22 02:51:38,2026-09-22
Kasaragod,12.4996,74.9869,2026-09-25,11.0,99,Forecast,2026-09-22 02:51:38,2026-09-22
Kasaragod,12.4996,74.9869,2026-09-26,3.6,94,Forecast,2026-09-22 02:51:38,2026-09-22
Kasaragod,12.4996,74.9869,2026-09-27,0.6,52,Forecast,2026-09-22 02:51:38,2026-09-22
Kasaragod,12.4996,74.9869,2026-09-28,0.0,10,Forecast,2026-09-22 02:51:38,2026-09-22
Thiruvananthapuram,8.5241,76.9366,2026-09-16,1.3,47,Past,2026-09-23 04:52:03,2026-09-23
Thiruvananthapuram,8.5241,76.9366,2026-09-17,3.1,87,Past,2026-09-23 04:52:03,2026-09-23
Thiruvananthapuram,8.5241,76.9366,2026-09-18,2.6,100,Past,2026-09-23 04:52:03,2026-09-23
Thiruvananthapuram,8.5241,76.9366,2026-09-19,19.7,100,Past,2026-09-23 04:52:03,2026-09-23
Thiruvananthapuram,8.5241,76.9366,2026-09-20,12.2,100,Past,2026-09-23 04:52:03,2026-09-23
Thiruvananthapuram,8.5241,76.9366,2026-09-21,8.8,100,Past,2026-09-23 04:52:03,2026-09-23
Thiruvananthapuram,8.5241,76.9366,2026-09-22,6.2,90,Past,2026-09-23 04:52:03,2026-09-23
Thiruvananthapuram,8.5241,76.9366,2026-09-23,10.3,100,Forecast,2026-09-23 04:52:03,2026-09-23
Thiruvananthapuram,8.5241,76.9366,2026-09-24,8.8,92,Forecast,2026-09-23 04:52:03,2026-09-23
Thiruvananthapuram,8.5241,76.9366,2026-09-25,6.3,84,Forecast,2026-09-23 04:52:03,2026-09-23
Thiruvananthapuram,8.5241,76.9366,2026-09-26,5.7,88,Forecast,2026-09-23 04:52:03,2026-09-23
Thiruvananthapuram,8.5241,76.9366,2026-09-27,0.0,70,Forecast,2026-09-23 04:52:03,2026-09-23
Thiruvananthapuram,8.5241,76.9366,2026-09-28,0.3,63,Forecast,2026-09-23 04:52:03,2026-09-23
Thiruvananthapuram,8.5241,76.9366,2026-09-29,0.6,69,Forecast,2026-09-23 04:52:03,2026-09-23
Kollam,8.8932,76.6141,2026-09-16,6.0,51,Past,2026-09-23 04:52:03,2026-09-23
Kollam,8.8932,76.6141,2026-09-17,8.4,100,Past,2026-09-23 04:52:03,2026-09-23
Kollam,8.8932,76.6141,2026-09-18,1.9,100,Past,2026-09-23 04:52:03,2026-09-23
Kollam,8.8932,76.6141,2026-09-19,11.0,100,Past,2026-09-23 04:52:03,2026-09-23
Kollam,8.8932,76.6141,2026-09-20,17.8,100,Past,2026-09-23 04:52:03,2026-09-23
Kollam,8.8932,76.6141,2026-09-21,13.2,100,Past,2026-09-23 04:52:03,2026-09-23
Kollam,8.8932,76.6141,2026-09-22,5.3,97,Past,2026-09-23 04:52:03,2026-09-23
Kollam,8.8932,76.6141,2026-09-23,8.5,100,Forecast,2026-09-23 04:52:03,2026-09-23
Kollam,8.8932,76.6141,2026-09-24,6.6,90,Forecast,2026-09-23 04:52:03,2026-09-23
Kollam,8.8932,76.6141,2026-09-25,2.8,59,Forecast,2026-09-23 04:52:03,2026-09-23
Kollam,8.8932,76.6141,2026-09-26,11.0,95,Forecast,2026-09-23 04:52:03,2026-09-23
Kollam,8.8932,76.6141,2026-09-27,0.3,80,Forecast,2026-09-23 04:52:03,2026-09-23
Kollam,8.8932,76.6141,2026-09-28,0.3,73,Forecast,2026-09-23 04:52:03,2026-09-23
Kollam,8.8932,76.6141,2026-09-29,0.0,71,Forecast,2026-09-23 04:52:03,2026-09-23
Pathanamthitta,9.2648,76.787,2026-09-16,0.9,53,Past,2026-09-23 04:52:03,2026-09-23
Pathanamthitta,9.2648,76.787,2026-09-17,14.9,100,Past,2026-09-23 04:52:03,2026-09-23
Pathanamthitta,9.2648,76.787,2026-09-18,5.0,89,Past,2026-09-23 04:52:03,2026-09-23
Pathanamthitta,9.2648,76.787,2026-09-19,25.7,100,Past,2026-09-23 04:52:03,2026-09-23
Pathanamthitta,9.2648,76.787,2026-09-20,28.2,100,Past,2026-09-23 04:52:03,2026-09-23
Pathanamthitta,9.2648,76.787,2026-09-21,13.6,100,Past,2026-09-23 04:52:03,2026-09-23
Pathanamthitta,9.2648,76.787,2026-09-22,11.7,100,Past,2026-09-23 04:52:03,2026-09-23
Pathanamthitta,9.2648,76.787,2026-09-23,9.9,100,Forecast,2026-09-23 04:52:03,2026-09-23
Pathanamthitta,9.2648,76.787,2026-09-24,3.0,86,Forecast,2026-09-23 04:52:03,2026-09-23
Pathanamthitta,9.2648,76.787,2026-09-25,1.0,67,Forecast,2026-09-23 04:52:03,2026-09-23
Pathanamthitta,9.2648,76.787,2026-09-26,8.4,95,Forecast,2026-09-23 04:52:03,2026-09-23
Pathanamthitta,9.2648,76.787,2026-09-27,1.5,71,Forecast,2026-09-23 04:52:03,2026-09-23
Pathanamthitta,9.2648,76.787,2026-09-28,0.6,76,Forecast,2026-09-23 04:52:03,2026-09-23
Pathanamthitta,9.2648,76.787,2026-09-29,0.6,65,Forecast,2026-09-23 04:52:03,2026-09-23
Alappuzha,9.4981,76.3388,2026-09-16,5.2,49,Past,2026-09-23 04:52:03,2026-09-23
Alappuzha,9.4981,76.3388,2026-09-17,2.9,97,Past,2026-09-23 04:52:03,2026-09-23
Alappuzha,9.4981,76.3388,2026-09-18,1.7,90,Past,2026-09-23 04:52:03,2026-09-23
Alappuzha,9.4981,76.3388,2026-09-19,12.8,100,Past,2026-09-23 04:52:03,2026-09-23
Alappuzha,9.4981,76.3388,2026-09-20,26.5,100,Past,2026-09-23 04:52:03,2026-09-23
Alappuzha,9.4981,76.3388,2026-09-21,17.6,100,Past,2026-09-23 04:52:03,2026-09-23
Alappuzha,9.4981,76.3388,2026-09-22,9.7,98,Past,2026-09-23 04:52:03,2026-09-23
Alappuzha,9.4981,76.3388,2026-09-23,7.2,98,Forecast,2026-09-23 04:52:03,2026-09-23
Alappuzha,9.4981,76.3388,2026-09-24,5.1,96,Forecast,2026-09-23 04:52:03,2026-09-23
Alappuzha,9.4981,76.3388,2026-09-25,0.2,49,Forecast,2026-09-23 04:52:03,2026-09-23
Alappuzha,9.4981,76.3388,2026-09-26,5.4,82,Forecast,2026-09-23 04:52:03,2026-09-23
Alappuzha,9.4981,76.3388,2026-09-27,0.3,69,Forecast,2026-09-23 04:52:03,2026-09-23
Alappuzha,9.4981,76.3388,2026-09-28,0.6,61,Forecast,2026-09-23 04:52:03,2026-09-23
Alappuzha,9.4981,76.3388,2026-09-29,0.6,53,Forecast,2026-09-23 04:52:03,2026-09-23
Kottayam,9.5916,76.5222,2026-09-16,1.8,49,Past,2026-09-23 04:52:03,2026-09-23
Kottayam,9.5916,76.5222,2026-09-17,10.0,97,Past,2026-09-23 04:52:03,2026-09-23
Kottayam,9.5916,76.5222,2026-09-18,2.4,90,Past,2026-09-23 04:52:03,2026-09-23
Kottayam,9.5916,76.5222,2026-09-19,16.0,100,Past,2026-09-23 04:52:03,2026-09-23
Kottayam,9.5916,76.5222,2026-09-20,27.2,100,Past,2026-09-23 04:52:03,2026-09-23
Kottayam,9.5916,76.5222,2026-09-21,18.9,100,Past,2026-09-23 04:52:03,2026-09-23
Kottayam,9.5916,76.5222,2026-09-22,5.4,98,Past,2026-09-23 04:52:03,2026-09-23
Kottayam,9.5916,76.5222,2026-09-23,4.8,98,Forecast,2026-09-23 04:52:03,2026-09-23
Kottayam,9.5916,76.5222,2026-09-24,3.4,96,Forecast,2026-09-23 04:52:03,2026-09-23
Kottayam,9.5916,76.5222,2026-09-25,0.2,49,Forecast,2026-09-23 04:52:03,2026-09-23
Kottayam,9.5916,76.5222,2026-09-26,9.3,82,Forecast,2026-09-23 04:52:03,2026-09-23
Kottayam,9.5916,76.5222,2026-09-27,1.5,69,Forecast,2026-09-23 04:52:03,2026-09-23
Kottayam,9.5916,76.5222,2026-09-28,0.9,61,Forecast,2026-09-23 04:52:03,2026-09-23
Kottayam,9.5916,76.5222,2026-09-29,0.0,53,Forecast,2026-09-23 04:52:03,2026-09-23
Idukki,9.85,76.94,2026-09-16,3.0,90,Past,2026-09-23 04:52:03,2026-09-23
Idukki,9.85,76.94,2026-09-17,11.7,100,Past,2026-09-23 04:52:03,2026-09-23
Idukki,9.85,76.94,2026-09-18,7.9,100,Past,2026-09-23 04:52:03,2026-09-23
Idukki,9.85,76.94,2026-09-19,12.3,100,Past,2026-09-23 04:52:03,2026-09-23
Idukki,9.85,76.94,2026-09-20,22.8,100,Past,2026-09-23 04:52:03,2026-09-23
Idukki,9.85,76.94,2026-09-21,7.6,100,Past,2026-09-23 04:52:03,2026-09-23
Idukki,9.85,76.94,2026-09-22,15.0,100,Past,2026-09-23 04:52:03,2026-09-23
Idukki,9.85,76.94,2026-09-23,16.2,100,Forecast,2026-09-23 04:52:03,2026-09-23
Idukki,9.85,76.94,2026-09-24,6.6,100,Forecast,2026-09-23 04:52:03,2026-09-23
Idukki,9.85,76.94,2026-09-25,8.1,86,Forecast,2026-09-23 04:52:03,2026-09-23
Idukki,9.85,76.94,2026-09-26,13.4,88,Forecast,2026-09-23 04:52:03,2026-09-23
Idukki,9.85,76.94,2026-09-27,0.9,68,Forecast,2026-09-23 04:52:03,2026-09-23
Idukki,9.85,76.94,2026-09-28,0.9,65,Forecast,2026-09-23 04:52:03,2026-09-23
Idukki,9.85,76.94,2026-09-29,0.0,73,Forecast,2026-09-23 04:52:03,2026-09-23
Ernakulam,9.9312,76.2673,2026-09-16,1.9,69,Past,2026-09-23 04:52:03,2026-09-23
Ernakulam,9.9312,76.2673,2026-09-17,3.0,82,Past,2026-09-23 04:52:03,2026-09-23
Ernakulam,9.9312,76.2673,2026-09-18,1.6,67,Past,2026-09-23 04:52:03,2026-09-23
Ernakulam,9.9312,76.2673,2026-09-19,5.4,88,Past,2026-09-23 04:52:03,2026-09-23
Ernakulam,9.9312,76.2673,2026-09-20,12.8,100,Past,2026-09-23 04:52:03,2026-09-23
Ernakulam,9.9312,76.2673,2026-09-21,23.1,100,Past,2026-09-23 04:52:03,2026-09-23
Ernakulam,9.9312,76.2673,2026-09-22,7.4,94,Past,2026-09-23 04:52:03,2026-09-23
Ernakulam,9.9312,76.2673,2026-09-23,4.0,94,Forecast,2026-09-23 04:52:03,2026-09-23
Ernakulam,9.9312,76.2673,2026-09-24,1.7,90,Forecast,2026-09-23 04:52:03,2026-09-23
Ernakulam,9.9312,76.2673,2026-09-25,0.7,48,Forecast,2026-09-23 04:52:03,2026-09-23
Ernakulam,9.9312,76.2673,2026-09-26,5.0,61,Forecast,2026-09-23 04:52:03,2026-09-23
Ernakulam,9.9312,76.2673,2026-09-27,0.3,53,Forecast,2026-09-23 04:52:03,2026-09-23
Ernakulam,9.9312,76.2673,2026-09-28,0.0,25,Forecast,2026-09-23 04:52:03,2026-09-23
Ernakulam,9.9312,76.2673,2026-09-29,0.0,27,Forecast,2026-09-23 04:52:03,2026-09-23
Thrissur,10.5276,76.2144,2026-09-16,4.5,80,Past,2026-09-23 04:52:03,2026-09-23
Thrissur,10.5276,76.2144,2026-09-17,15.7,96,Past,2026-09-23 04:52:03,2026-09-23
Thrissur,10.5276,76.2144,2026-09-18,2.7,82,Past,2026-09-23 04:52:03,2026-09-23
Thrissur,10.5276,76.2144,2026-09-19,4.3,99,Past,2026-09-23 04:52:03,2026-09-23
Thrissur,10.5276,76.2144,2026-09-20,18.9,100,Past,2026-09-23 04:52:03,2026-09-23
Thrissur,10.5276,76.2144,2026-09-21,31.5,100,Past,2026-09-23 04:52:03,2026-09-23
Thrissur,10.5276,76.2144,2026-09-22,2.5,92,Past,2026-09-23 04:52:03,2026-09-23
Thrissur,10.5276,76.2144,2026-09-23,3.1,90,Forecast,2026-09-23 04:52:03,2026-09-23
Thrissur,10.5276,76.2144,2026-09-24,0.5,47,Forecast,2026-09-23 04:52:03,2026-09-23
Thrissur,10.5276,76.2144,2026-09-25,5.5,71,Forecast,2026-09-23 04:52:03,2026-09-23
Thrissur,10.5276,76.2144,2026-09-26,4.2,75,Forecast,2026-09-23 04:52:03,2026-09-23
Thrissur,10.5276,76.2144,2026-09-27,0.3,47,Forecast,2026-09-23 04:52:03,2026-09-23
Thrissur,10.5276,76.2144,2026-09-28,0.6,59,Forecast,2026-09-23 04:52:03,2026-09-23
Thrissur,10.5276,76.2144,2026-09-29,0.0,41,Forecast,2026-09-23 04:52:03,2026-09-23
Palakkad,10.7867,76.6548,2026-09-16,3.2,61,Past,2026-09-23 04:52:03,2026-09-23
Palakkad,10.7867,76.6548,2026-09-17,18.1,100,Past,2026-09-23 04:52:03,2026-09-23
Palakkad,10.7867,76.6548,2026-09-18,1.5,72,Past,2026-09-23 04:52:03,2026-09-23
Palakkad,10.7867,76.6548,2026-09-19,9.2,100,Past,2026-09-23 04:52:03,2026-09-23
Palakkad,10.7867,76.6548,2026-09-20,20.2,100,Past,2026-09-23 04:52:03,2026-09-23
Palakkad,10.7867,76.6548,2026-09-21,17.8,100,Past,2026-09-23 04:52:03,2026-09-23
Palakkad,10.7867,76.6548,2026-09-22,3.1,86,Past,2026-09-23 04:52:03,2026-09-23
Palakkad,10.7867,76.6548,2026-09-23,5.5,99,Forecast,2026-09-23 04:52:03,2026-09-23
Palakkad,10.7867,76.6548,2026-09-24,0.2,61,Forecast,2026-09-23 04:52:03,2026-09-23
Palakkad,10.7867,76.6548,2026-09-25,14.0,85,Forecast,2026-09-23 04:52:03,2026-09-23
Palakkad,10.7867,76.6548,2026-09-26,9.0,74,Forecast,2026-09-23 04:52:03,2026-09-23
Palakkad,10.7867,76.6548,2026-09-27,0.6,49,Forecast,2026-09-23 04:52:03,2026-09-23
Palakkad,10.7867,76.6548,2026-09-28,0.0,35,Forecast,2026-09-23 04:52:03,2026-09-23
Palakkad,10.7867,76.6548,2026-09-29,0.0,43,Forecast,2026-09-23 04:52:03,2026-09-23
Malappuram,11.051,76.0711,2026-09-16,2.8,67,Past,2026-09-23 04:52:03,2026-09-23
Malappuram,11.051,76.0711,2026-09-17,2.4,94,Past,2026-09-23 04:52:03,2026-09-23
Malappuram,11.051,76.0711,2026-09-18,2.5,73,Past,2026-09-23 04:52:03,2026-09-23
Malappuram,11.051,76.0711,2026-09-19,6.3,79,Past,2026-09-23 04:52:03,2026-09-23
Malappuram,11.051,76.0711,2026-09-20,11.4,98,Past,2026-09-23 04:52:03,2026-09-23
Malappuram,11.051,76.0711,2026-09-21,22.6,100,Past,2026-09-23 04:52:03,2026-09-23
Malappuram,11.051,76.0711,2026-09-22,1.5,96,Past,2026-09-23 04:52:03,2026-09-23
Malappuram,11.051,76.0711,2026-09-23,1.6,78,Forecast,2026-09-23 04:52:03,2026-09-23
Malappuram,11.051,76.0711,2026-09-24,0.3,33,Forecast,2026-09-23 04:52:03,2026-09-23
Malappuram,11.051,76.0711,2026-09-25,8.8,84,Forecast,2026-09-23 04:52:03,2026-09-23
Malappuram,11.051,76.0711,2026-09-26,3.5,55,Forecast,2026-09-23 04:52:03,2026-09-23
Malappuram,11.051,76.0711,2026-09-27,0.0,36,Forecast,2026-09-23 04:52:03,2026-09-23
Malappuram,11.051,76.0711,2026-09-28,0.0,35,Forecast,2026-09-23 04:52:03,2026-09-23
Malappuram,11.051,76.0711,2026-09-29,0.0,27,Forecast,2026-09-23 04:52:03,2026-09-23
Kozhikode,11.2588,75.7804,2026-09-16,0.0,53,Past,2026-09-23 04:52:03,2026-09-23
Kozhikode,11.2588,75.7804,2026-09-17,2.6,90,Past,2026-09-23 04:52:03,2026-09-23
Kozhikode,11.2588,75.7804,2026-09-18,1.5,92,Past,2026-09-23 04:52:03,2026-09-23
Kozhikode,11.2588,75.7804,2026-09-19,1.9,100,Past,2026-09-23 04:52:03,2026-09-23
Kozhikode,11.2588,75.7804,2026-09-20,5.4,100,Past,2026-09-23 04:52:03,2026-09-23
Kozhikode,11.2588,75.7804,2026-09-21,5.7,100,Past,2026-09-23 04:52:03,2026-09-23
Kozhikode,11.2588,75.7804,2026-09-22,1.0,78,Past,2026-09-23 04:52:03,2026-09-23
Kozhikode,11.2588,75.7804,2026-09-23,2.4,52,Forecast,2026-09-23 04:52:03,2026-09-23
Kozhikode,11.2588,75.7804,2026-09-24,0.8,41,Forecast,2026-09-23 04:52:03,2026-09-23
Kozhikode,11.2588,75.7804,2026-09-25,13.8,94,Forecast,2026-09-23 04:52:03,2026-09-23
Kozhikode,11.2588,75.7804,2026-09-26,1.7,61,Forecast,2026-09-23 04:52:03,2026-09-23
Kozhikode,11.2588,75.7804,2026-09-27,0.0,45,Forecast,2026-09-23 04:52:03,2026-09-23
Kozhikode,11.2588,75.7804,2026-09-28,0.0,43,Forecast,2026-09-23 04:52:03,2026-09-23
Kozhikode,11.2588,75.7804,2026-09-29,0.0,45,Forecast,2026-09-23 04:52:03,2026-09-23
Wayanad,11.6103,76.083,2026-09-16,0.3,79,Past,2026-09-23 04:52:03,2026-09-23
Wayanad,11.6103,76.083,2026-09-17,1.9,100,Past,2026-09-23 04:52:03,2026-09-23
Wayanad,11.6103,76.083,2026-09-18,4.1,100,Past,2026-09-23 04:52:03,2026-09-23
Wayanad,11.6103,76.083,2026-09-19,3.0,100,Past,2026-09-23 04:52:03,2026-09-23
Wayanad,11.6103,76.083,2026-09-20,3.2,100,Past,2026-09-23 04:52:03,2026-09-23
Wayanad,11.6103,76.083,2026-09-21,4.5,100,Past,2026-09-23 04:52:03,2026-09-23
Wayanad,11.6103,76.083,2026-09-22,0.2,74,Past,2026-09-23 04:52:03,2026-09-23
Wayanad,11.6103,76.083,2026-09-23,0.1,57,Forecast,2026-09-23 04:52:03,2026-09-23
Wayanad,11.6103,76.083,2026-09-24,0.1,63,Forecast,2026-09-23 04:52:03,2026-09-23
Wayanad,11.6103,76.083,2026-09-25,13.7,100,Forecast,2026-09-23 04:52:03,2026-09-23
Wayanad,11.6103,76.083,2026-09-26,2.5,78,Forecast,2026-09-23 04:52:03,2026-09-23
Wayanad,11.6103,76.083,2026-09-27,0.3,73,Forecast,2026-09-23 04:52:03,2026-09-23
Wayanad,11.6103,76.083,2026-09-28,0.0,78,Forecast,2026-09-23 04:52:03,2026-09-23
Wayanad,11.6103,76.083,2026-09-29,1.2,80,Forecast,2026-09-23 04:52:03,2026-09-23
Kannur,11.8745,75.3704,2026-09-16,0.0,27,Past,2026-09-23 04:52:03,2026-09-23
Kannur,11.8745,75.3704,2026-09-17,0.6,47,Past,2026-09-23 04:52:03,2026-09-23
Kannur,11.8745,75.3704,2026-09-18,0.6,76,Past,2026-09-23 04:52:03,2026-09-23
Kannur,11.8745,75.3704,2026-09-19,0.7,66,Past,2026-09-23 04:52:03,2026-09-23
Kannur,11.8745,75.3704,2026-09-20,4.8,98,Past,2026-09-23 04:52:03,2026-09-23
Kannur,11.8745,75.3704,2026-09-21,12.8,98,Past,2026-09-23 04:52:03,2026-09-23
Kannur,11.8745,75.3704,2026-09-22,1.4,51,Past,2026-09-23 04:52:03,2026-09-23
Kannur,11.8745,75.3704,2026-09-23,0.5,67,Forecast,2026-09-23 04:52:03,2026-09-23
Kannur,11.8745,75.3704,2026-09-24,3.5,59,Forecast,2026-09-23 04:52:03,2026-09-23
Kannur,11.8745,75.3704,2026-09-25,26.4,97,Forecast,2026-09-23 04:52:03,2026-09-23
Kannur,11.8745,75.3704,2026-09-26,1.1,61,Forecast,2026-09-23 04:52:03,2026-09-23
Kannur,11.8745,75.3704,2026-09-27,0.0,18,Forecast,2026-09-23 04:52:03,2026-09-23
Kannur,11.8745,75.3704,2026-09-28,0.0,8,Forecast,2026-09-23 04:52:03,2026-09-23
Kannur,11.8745,75.3704,2026-09-29,0.0,12,Forecast,2026-09-23 04:52:03,2026-09-23
Kasaragod,12.4996,74.9869,2026-09-16,0.1,18,Past,2026-09-23 04:52:03,2026-09-23
Kasaragod,12.4996,74.9869,2026-09-17,0.4,29,Past,2026-09-23 04:52:03,2026-09-23
Kasaragod,12.4996,74.9869,2026-09-18,1.0,55,Past,2026-09-23 04:52:03,2026-09-23
Kasaragod,12.4996,74.9869,2026-09-19,0.3,34,Past,2026-09-23 04:52:03,2026-09-23
Kasaragod,12.4996,74.9869,2026-09-20,3.2,92,Past,2026-09-23 04:52:03,2026-09-23
Kasaragod,12.4996,74.9869,2026-09-21,4.9,96,Past,2026-09-23 04:52:03,2026-09-23
Kasaragod,12.4996,74.9869,2026-09-22,1.1,18,Past,2026-09-23 04:52:03,2026-09-23
Kasaragod,12.4996,74.9869,2026-09-23,0.9,22,Forecast,2026-09-23 04:52:03,2026-09-23
Kasaragod,12.4996,74.9869,2026-09-24,30.4,92,Forecast,2026-09-23 04:52:03,2026-09-23
Kasaragod,12.4996,74.9869,2026-09-25,20.7,99,Forecast,2026-09-23 04:52:03,2026-09-23
Kasaragod,12.4996,74.9869,2026-09-26,6.9,85,Forecast,2026-09-23 04:52:03,2026-09-23
Kasaragod,12.4996,74.9869,2026-09-27,0.0,27,Forecast,2026-09-23 04:52:03,2026-09-23
Kasaragod,12.4996,74.9869,2026-09-28,0.0,13,Forecast,2026-09-23 04:52:03,2026-09-23
Kasaragod,12.4996,74.9869,2026-09-29,0.0,16,Forecast,2026-09-23 04:52:03,2026-09-23
Thiruvananthapuram,8.5241,76.9366,2026-09-16,1.3,47,Past,2026-09-24 00:13:27,2026-09-24
Thiruvananthapuram,8.5241,76.9366,2026-09-17,3.1,87,Past,2026-09-24 00:13:27,2026-09-24
Thiruvananthapuram,8.5241,76.9366,2026-09-18,2.6,100,Past,2026-09-24 00:13:27,2026-09-24
Thiruvananthapuram,8.5241,76.9366,2026-09-19,19.7,100,Past,2026-09-24 00:13:27,2026-09-24
Thiruvananthapuram,8.5241,76.9366,2026-09-20,12.2,100,Past,2026-09-24 00:13:27,2026-09-24
Thiruvananthapuram,8.5241,76.9366,2026-09-21,8.8,100,Past,2026-09-24 00:13:27,2026-09-24
Thiruvananthapuram,8.5241,76.9366,2026-09-22,6.2,90,Past,2026-09-24 00:13:27,2026-09-24
Thiruvananthapuram,8.5241,76.9366,2026-09-23,5.1,82,Past,2026-09-24 00:13:27,2026-09-24
Thiruvananthapuram,8.5241,76.9366,2026-09-24,14.8,100,Forecast,2026-09-24 00:13:27,2026-09-24
Thiruvananthapuram,8.5241,76.9366,2026-09-25,3.5,90,Forecast,2026-09-24 00:13:27,2026-09-24
Thiruvananthapuram,8.5241,76.9366,2026-09-26,3.3,76,Forecast,2026-09-24 00:13:27,2026-09-24
Thiruvananthapuram,8.5241,76.9366,2026-09-27,0.5,71,Forecast,2026-09-24 00:13:27,2026-09-24
Thiruvananthapuram,8.5241,76.9366,2026-09-28,0.3,63,Forecast,2026-09-24 00:13:27,2026-09-24
Thiruvananthapuram,8.5241,76.9366,2026-09-29,0.0,53,Forecast,2026-09-24 00:13:27,2026-09-24
Kollam,8.8932,76.6141,2026-09-16,6.0,51,Past,2026-09-24 00:13:27,2026-09-24
Kollam,8.8932,76.6141,2026-09-17,8.4,100,Past,2026-09-24 00:13:27,2026-09-24
Kollam,8.8932,76.6141,2026-09-18,1.9,100,Past,2026-09-24 00:13:27,2026-09-24
Kollam,8.8932,76.6141,2026-09-19,11.0,100,Past,2026-09-24 00:13:27,2026-09-24
Kollam,8.8932,76.6141,2026-09-20,17.8,100,Past,2026-09-24 00:13:27,2026-09-24
Kollam,8.8932,76.6141,2026-09-21,13.2,100,Past,2026-09-24 00:13:27,2026-09-24
Kollam,8.8932,76.6141,2026-09-22,5.3,97,Past,2026-09-24 00:13:27,2026-09-24
Kollam,8.8932,76.6141,2026-09-23,4.2,94,Past,2026-09-24 00:13:27,2026-09-24
Kollam,8.8932,76.6141,2026-09-24,9.6,98,Forecast,2026-09-24 00:13:27,2026-09-24
Kollam,8.8932,76.6141,2026-09-25,1.9,71,Forecast,2026-09-24 00:13:27,2026-09-24
Kollam,8.8932,76.6141,2026-09-26,6.7,87,Forecast,2026-09-24 00:13:27,2026-09-24
Kollam,8.8932,76.6141,2026-09-27,0.5,90,Forecast,2026-09-24 00:13:27,2026-09-24
Kollam,8.8932,76.6141,2026-09-28,0.3,71,Forecast,2026-09-24 00:13:27,2026-09-24
Kollam,8.8932,76.6141,2026-09-29,0.9,61,Forecast,2026-09-24 00:13:27,2026-09-24
Pathanamthitta,9.2648,76.787,2026-09-16,0.9,53,Past,2026-09-24 00:13:27,2026-09-24
Pathanamthitta,9.2648,76.787,2026-09-17,14.9,100,Past,2026-09-24 00:13:27,2026-09-24
Pathanamthitta,9.2648,76.787,2026-09-18,5.0,89,Past,2026-09-24 00:13:27,2026-09-24
Pathanamthitta,9.2648,76.787,2026-09-19,25.7,100,Past,2026-09-24 00:13:27,2026-09-24
Pathanamthitta,9.2648,76.787,2026-09-20,28.2,100,Past,2026-09-24 00:13:27,2026-09-24
Pathanamthitta,9.2648,76.787,2026-09-21,13.6,100,Past,2026-09-24 00:13:27,2026-09-24
Pathanamthitta,9.2648,76.787,2026-09-22,11.7,100,Past,2026-09-24 00:13:27,2026-09-24
Pathanamthitta,9.2648,76.787,2026-09-23,7.1,100,Past,2026-09-24 00:13:27,2026-09-24
Pathanamthitta,9.2648,76.787,2026-09-24,6.4,98,Forecast,2026-09-24 00:13:27,2026-09-24
Pathanamthitta,9.2648,76.787,2026-09-25,1.6,78,Forecast,2026-09-24 00:13:27,2026-09-24
Pathanamthitta,9.2648,76.787,2026-09-26,10.8,82,Forecast,2026-09-24 00:13:27,2026-09-24
Pathanamthitta,9.2648,76.787,2026-09-27,2.0,90,Forecast,2026-09-24 00:13:27,2026-09-24
Pathanamthitta,9.2648,76.787,2026-09-28,0.3,71,Forecast,2026-09-24 00:13:27,2026-09-24
Pathanamthitta,9.2648,76.787,2026-09-29,1.8,71,Forecast,2026-09-24 00:13:27,2026-09-24
Alappuzha,9.4981,76.3388,2026-09-16,5.2,49,Past,2026-09-24 00:13:27,2026-09-24
Alappuzha,9.4981,76.3388,2026-09-17,2.9,97,Past,2026-09-24 00:13:27,2026-09-24
Alappuzha,9.4981,76.3388,2026-09-18,1.7,90,Past,2026-09-24 00:13:27,2026-09-24
Alappuzha,9.4981,76.3388,2026-09-19,12.8,100,Past,2026-09-24 00:13:27,2026-09-24
Alappuzha,9.4981,76.3388,2026-09-20,26.5,100,Past,2026-09-24 00:13:27,2026-09-24
Alappuzha,9.4981,76.3388,2026-09-21,17.6,100,Past,2026-09-24 00:13:27,2026-09-24
Alappuzha,9.4981,76.3388,2026-09-22,9.7,98,Past,2026-09-24 00:13:27,2026-09-24
Alappuzha,9.4981,76.3388,2026-09-23,3.6,90,Past,2026-09-24 00:13:27,2026-09-24
Alappuzha,9.4981,76.3388,2026-09-24,5.7,95,Forecast,2026-09-24 00:13:27,2026-09-24
Alappuzha,9.4981,76.3388,2026-09-25,1.9,61,Forecast,2026-09-24 00:13:27,2026-09-24
Alappuzha,9.4981,76.3388,2026-09-26,2.3,63,Forecast,2026-09-24 00:13:27,2026-09-24
Alappuzha,9.4981,76.3388,2026-09-27,3.2,82,Forecast,2026-09-24 00:13:27,2026-09-24
Alappuzha,9.4981,76.3388,2026-09-28,0.0,53,Forecast,2026-09-24 00:13:27,2026-09-24
Alappuzha,9.4981,76.3388,2026-09-29,0.6,39,Forecast,2026-09-24 00:13:27,2026-09-24
Kottayam,9.5916,76.5222,2026-09-16,1.8,49,Past,2026-09-24 00:13:27,2026-09-24
Kottayam,9.5916,76.5222,2026-09-17,10.0,97,Past,2026-09-24 00:13:27,2026-09-24
Kottayam,9.5916,76.5222,2026-09-18,2.4,90,Past,2026-09-24 00:13:27,2026-09-24
Kottayam,9.5916,76.5222,2026-09-19,16.0,100,Past,2026-09-24 00:13:27,2026-09-24
Kottayam,9.5916,76.5222,2026-09-20,27.2,100,Past,2026-09-24 00:13:27,2026-09-24
Kottayam,9.5916,76.5222,2026-09-21,18.9,100,Past,2026-09-24 00:13:27,2026-09-24
Kottayam,9.5916,76.5222,2026-09-22,5.4,98,Past,2026-09-24 00:13:27,2026-09-24
Kottayam,9.5916,76.5222,2026-09-23,3.7,90,Past,2026-09-24 00:13:27,2026-09-24
Kottayam,9.5916,76.5222,2026-09-24,4.2,95,Forecast,2026-09-24 00:13:27,2026-09-24
Kottayam,9.5916,76.5222,2026-09-25,3.1,61,Forecast,2026-09-24 00:13:27,2026-09-24
Kottayam,9.5916,76.5222,2026-09-26,4.8,63,Forecast,2026-09-24 00:13:27,2026-09-24
Kottayam,9.5916,76.5222,2026-09-27,3.1,82,Forecast,2026-09-24 00:13:27,2026-09-24
Kottayam,9.5916,76.5222,2026-09-28,0.3,53,Forecast,2026-09-24 00:13:27,2026-09-24
Kottayam,9.5916,76.5222,2026-09-29,1.5,39,Forecast,2026-09-24 00:13:27,2026-09-24
Idukki,9.85,76.94,2026-09-16,3.0,90,Past,2026-09-24 00:13:27,2026-09-24
Idukki,9.85,76.94,2026-09-17,11.7,100,Past,2026-09-24 00:13:27,2026-09-24
Idukki,9.85,76.94,2026-09-18,7.9,100,Past,2026-09-24 00:13:27,2026-09-24
Idukki,9.85,76.94,2026-09-19,12.3,100,Past,2026-09-24 00:13:27,2026-09-24
Idukki,9.85,76.94,2026-09-20,22.8,100,Past,2026-09-24 00:13:27,2026-09-24
Idukki,9.85,76.94,2026-09-21,7.6,100,Past,2026-09-24 00:13:27,2026-09-24
Idukki,9.85,76.94,2026-09-22,15.0,100,Past,2026-09-24 00:13:27,2026-09-24
Idukki,9.85,76.94,2026-09-23,13.7,100,Past,2026-09-24 00:13:27,2026-09-24
Idukki,9.85,76.94,2026-09-24,8.1,100,Forecast,2026-09-24 00:13:27,2026-09-24
Idukki,9.85,76.94,2026-09-25,4.9,83,Forecast,2026-09-24 00:13:27,2026-09-24
Idukki,9.85,76.94,2026-09-26,5.5,85,Forecast,2026-09-24 00:13:27,2026-09-24
Idukki,9.85,76.94,2026-09-27,7.3,84,Forecast,2026-09-24 00:13:27,2026-09-24
Idukki,9.85,76.94,2026-09-28,0.0,80,Forecast,2026-09-24 00:13:27,2026-09-24
Idukki,9.85,76.94,2026-09-29,0.6,71,Forecast,2026-09-24 00:13:27,2026-09-24
Ernakulam,9.9312,76.2673,2026-09-16,1.9,69,Past,2026-09-24 00:13:27,2026-09-24
Ernakulam,9.9312,76.2673,2026-09-17,3.0,82,Past,2026-09-24 00:13:27,2026-09-24
Ernakulam,9.9312,76.2673,2026-09-18,1.6,67,Past,2026-09-24 00:13:27,2026-09-24
Ernakulam,9.9312,76.2673,2026-09-19,5.4,88,Past,2026-09-24 00:13:27,2026-09-24
Ernakulam,9.9312,76.2673,2026-09-20,12.8,100,Past,2026-09-24 00:13:27,2026-09-24
Ernakulam,9.9312,76.2673,2026-09-21,23.1,100,Past,2026-09-24 00:13:27,2026-09-24
Ernakulam,9.9312,76.2673,2026-09-22,7.4,94,Past,2026-09-24 00:13:27,2026-09-24
Ernakulam,9.9312,76.2673,2026-09-23,1.9,82,Past,2026-09-24 00:13:27,2026-09-24
Ernakulam,9.9312,76.2673,2026-09-24,3.5,84,Forecast,2026-09-24 00:13:27,2026-09-24
Ernakulam,9.9312,76.2673,2026-09-25,1.7,47,Forecast,2026-09-24 00:13:27,2026-09-24
Ernakulam,9.9312,76.2673,2026-09-26,1.6,47,Forecast,2026-09-24 00:13:27,2026-09-24
Ernakulam,9.9312,76.2673,2026-09-27,4.1,59,Forecast,2026-09-24 00:13:27,2026-09-24
Ernakulam,9.9312,76.2673,2026-09-28,0.0,25,Forecast,2026-09-24 00:13:27,2026-09-24
Ernakulam,9.9312,76.2673,2026-09-29,0.6,39,Forecast,2026-09-24 00:13:27,2026-09-24
Thrissur,10.5276,76.2144,2026-09-16,4.5,80,Past,2026-09-24 00:13:27,2026-09-24
Thrissur,10.5276,76.2144,2026-09-17,15.7,96,Past,2026-09-24 00:13:27,2026-09-24
Thrissur,10.5276,76.2144,2026-09-18,2.7,82,Past,2026-09-24 00:13:27,2026-09-24
Thrissur,10.5276,76.2144,2026-09-19,4.3,99,Past,2026-09-24 00:13:27,2026-09-24
Thrissur,10.5276,76.2144,2026-09-20,18.9,100,Past,2026-09-24 00:13:27,2026-09-24
Thrissur,10.5276,76.2144,2026-09-21,31.5,100,Past,2026-09-24 00:13:27,2026-09-24
Thrissur,10.5276,76.2144,2026-09-22,2.5,92,Past,2026-09-24 00:13:27,2026-09-24
Thrissur,10.5276,76.2144,2026-09-23,3.4,76,Past,2026-09-24 00:13:27,2026-09-24
Thrissur,10.5276,76.2144,2026-09-24,0.5,59,Forecast,2026-09-24 00:13:27,2026-09-24
Thrissur,10.5276,76.2144,2026-09-25,2.6,70,Forecast,2026-09-24 00:13:27,2026-09-24
Thrissur,10.5276,76.2144,2026-09-26,2.7,45,Forecast,2026-09-24 00:13:27,2026-09-24
Thrissur,10.5276,76.2144,2026-09-27,4.2,65,Forecast,2026-09-24 00:13:27,2026-09-24
Thrissur,10.5276,76.2144,2026-09-28,0.0,65,Forecast,2026-09-24 00:13:27,2026-09-24
Thrissur,10.5276,76.2144,2026-09-29,1.5,35,Forecast,2026-09-24 00:13:27,2026-09-24
Palakkad,10.7867,76.6548,2026-09-16,3.2,61,Past,2026-09-24 00:13:27,2026-09-24
Palakkad,10.7867,76.6548,2026-09-17,18.1,100,Past,2026-09-24 00:13:27,2026-09-24
Palakkad,10.7867,76.6548,2026-09-18,1.5,72,Past,2026-09-24 00:13:27,2026-09-24
Palakkad,10.7867,76.6548,2026-09-19,9.2,100,Past,2026-09-24 00:13:27,2026-09-24
Palakkad,10.7867,76.6548,2026-09-20,20.2,100,Past,2026-09-24 00:13:27,2026-09-24
Palakkad,10.7867,76.6548,2026-09-21,17.8,100,Past,2026-09-24 00:13:27,2026-09-24
Palakkad,10.7867,76.6548,2026-09-22,3.1,86,Past,2026-09-24 00:13:27,2026-09-24
Palakkad,10.7867,76.6548,2026-09-23,3.0,84,Past,2026-09-24 00:13:27,2026-09-24
Palakkad,10.7867,76.6548,2026-09-24,0.7,53,Forecast,2026-09-24 00:13:27,2026-09-24
Palakkad,10.7867,76.6548,2026-09-25,15.7,91,Forecast,2026-09-24 00:13:27,2026-09-24
Palakkad,10.7867,76.6548,2026-09-26,3.3,47,Forecast,2026-09-24 00:13:27,2026-09-24
Palakkad,10.7867,76.6548,2026-09-27,3.8,47,Forecast,2026-09-24 00:13:27,2026-09-24
Palakkad,10.7867,76.6548,2026-09-28,0.0,45,Forecast,2026-09-24 00:13:27,2026-09-24
Palakkad,10.7867,76.6548,2026-09-29,0.6,51,Forecast,2026-09-24 00:13:27,2026-09-24
Malappuram,11.051,76.0711,2026-09-16,2.8,67,Past,2026-09-24 00:13:27,2026-09-24
Malappuram,11.051,76.0711,2026-09-17,2.4,94,Past,2026-09-24 00:13:27,2026-09-24
Malappuram,11.051,76.0711,2026-09-18,2.5,73,Past,2026-09-24 00:13:27,2026-09-24
Malappuram,11.051,76.0711,2026-09-19,6.3,79,Past,2026-09-24 00:13:27,2026-09-24
Malappuram,11.051,76.0711,2026-09-20,11.4,98,Past,2026-09-24 00:13:27,2026-09-24
Malappuram,11.051,76.0711,2026-09-21,22.6,100,Past,2026-09-24 00:13:27,2026-09-24
Malappuram,11.051,76.0711,2026-09-22,1.5,96,Past,2026-09-24 00:13:27,2026-09-24
Malappuram,11.051,76.0711,2026-09-23,1.5,73,Past,2026-09-24 00:13:27,2026-09-24
Malappuram,11.051,76.0711,2026-09-24,0.7,47,Forecast,2026-09-24 00:13:27,2026-09-24
Malappuram,11.051,76.0711,2026-09-25,15.1,76,Forecast,2026-09-24 00:13:27,2026-09-24
Malappuram,11.051,76.0711,2026-09-26,4.5,45,Forecast,2026-09-24 00:13:27,2026-09-24
Malappuram,11.051,76.0711,2026-09-27,2.3,47,Forecast,2026-09-24 00:13:27,2026-09-24
Malappuram,11.051,76.0711,2026-09-28,0.0,39,Forecast,2026-09-24 00:13:27,2026-09-24
Malappuram,11.051,76.0711,2026-09-29,0.3,45,Forecast,2026-09-24 00:13:27,2026-09-24
Kozhikode,11.2588,75.7804,2026-09-16,0.0,53,Past,2026-09-24 00:13:27,2026-09-24
Kozhikode,11.2588,75.7804,2026-09-17,2.6,90,Past,2026-09-24 00:13:27,2026-09-24
Kozhikode,11.2588,75.7804,2026-09-18,1.5,92,Past,2026-09-24 00:13:27,2026-09-24
Kozhikode,11.2588,75.7804,2026-09-19,1.9,100,Past,2026-09-24 00:13:27,2026-09-24
Kozhikode,11.2588,75.7804,2026-09-20,5.4,100,Past,2026-09-24 00:13:27,2026-09-24
Kozhikode,11.2588,75.7804,2026-09-21,5.7,100,Past,2026-09-24 00:13:27,2026-09-24
Kozhikode,11.2588,75.7804,2026-09-22,1.0,78,Past,2026-09-24 00:13:27,2026-09-24
Kozhikode,11.2588,75.7804,2026-09-23,1.8,78,Past,2026-09-24 00:13:27,2026-09-24
Kozhikode,11.2588,75.7804,2026-09-24,5.4,59,Forecast,2026-09-24 00:13:27,2026-09-24
Kozhikode,11.2588,75.7804,2026-09-25,25.7,98,Forecast,2026-09-24 00:13:27,2026-09-24
Kozhikode,11.2588,75.7804,2026-09-26,1.7,48,Forecast,2026-09-24 00:13:27,2026-09-24
Kozhikode,11.2588,75.7804,2026-09-27,1.3,49,Forecast,2026-09-24 00:13:27,2026-09-24
Kozhikode,11.2588,75.7804,2026-09-28,0.0,49,Forecast,2026-09-24 00:13:27,2026-09-24
Kozhikode,11.2588,75.7804,2026-09-29,0.0,45,Forecast,2026-09-24 00:13:27,2026-09-24
Wayanad,11.6103,76.083,2026-09-16,0.3,79,Past,2026-09-24 00:13:27,2026-09-24
Wayanad,11.6103,76.083,2026-09-17,1.9,100,Past,2026-09-24 00:13:27,2026-09-24
Wayanad,11.6103,76.083,2026-09-18,4.1,100,Past,2026-09-24 00:13:27,2026-09-24
Wayanad,11.6103,76.083,2026-09-19,3.0,100,Past,2026-09-24 00:13:27,2026-09-24
Wayanad,11.6103,76.083,2026-09-20,3.2,100,Past,2026-09-24 00:13:27,2026-09-24
Wayanad,11.6103,76.083,2026-09-21,4.5,100,Past,2026-09-24 00:13:27,2026-09-24
Wayanad,11.6103,76.083,2026-09-22,0.2,74,Past,2026-09-24 00:13:27,2026-09-24
Wayanad,11.6103,76.083,2026-09-23,0.5,78,Past,2026-09-24 00:13:27,2026-09-24
Wayanad,11.6103,76.083,2026-09-24,1.3,88,Forecast,2026-09-24 00:13:27,2026-09-24
Wayanad,11.6103,76.083,2026-09-25,8.6,100,Forecast,2026-09-24 00:13:27,2026-09-24
Wayanad,11.6103,76.083,2026-09-26,1.0,76,Forecast,2026-09-24 00:13:27,2026-09-24
Wayanad,11.6103,76.083,2026-09-27,0.9,82,Forecast,2026-09-24 00:13:27,2026-09-24
Wayanad,11.6103,76.083,2026-09-28,2.4,90,Forecast,2026-09-24 00:13:27,2026-09-24
Wayanad,11.6103,76.083,2026-09-29,1.2,86,Forecast,2026-09-24 00:13:27,2026-09-24
Kannur,11.8745,75.3704,2026-09-16,0.0,27,Past,2026-09-24 00:13:27,2026-09-24
Kannur,11.8745,75.3704,2026-09-17,0.6,47,Past,2026-09-24 00:13:27,2026-09-24
Kannur,11.8745,75.3704,2026-09-18,0.6,76,Past,2026-09-24 00:13:27,2026-09-24
Kannur,11.8745,75.3704,2026-09-19,0.7,66,Past,2026-09-24 00:13:27,2026-09-24
Kannur,11.8745,75.3704,2026-09-20,4.8,98,Past,2026-09-24 00:13:27,2026-09-24
Kannur,11.8745,75.3704,2026-09-21,12.8,98,Past,2026-09-24 00:13:27,2026-09-24
Kannur,11.8745,75.3704,2026-09-22,1.4,51,Past,2026-09-24 00:13:27,2026-09-24
Kannur,11.8745,75.3704,2026-09-23,1.1,55,Past,2026-09-24 00:13:27,2026-09-24
Kannur,11.8745,75.3704,2026-09-24,6.3,86,Forecast,2026-09-24 00:13:27,2026-09-24
Kannur,11.8745,75.3704,2026-09-25,32.4,96,Forecast,2026-09-24 00:13:27,2026-09-24
Kannur,11.8745,75.3704,2026-09-26,7.3,72,Forecast,2026-09-24 00:13:27,2026-09-24
Kannur,11.8745,75.3704,2026-09-27,4.0,31,Forecast,2026-09-24 00:13:27,2026-09-24
Kannur,11.8745,75.3704,2026-09-28,0.0,4,Forecast,2026-09-24 00:13:27,2026-09-24
Kannur,11.8745,75.3704,2026-09-29,0.0,8,Forecast,2026-09-24 00:13:27,2026-09-24
Kasaragod,12.4996,74.9869,2026-09-16,0.1,18,Past,2026-09-24 00:13:27,2026-09-24
Kasaragod,12.4996,74.9869,2026-09-17,0.4,29,Past,2026-09-24 00:13:27,2026-09-24
Kasaragod,12.4996,74.9869,2026-09-18,1.0,55,Past,2026-09-24 00:13:27,2026-09-24
Kasaragod,12.4996,74.9869,2026-09-19,0.3,34,Past,2026-09-24 00:13:27,2026-09-24
Kasaragod,12.4996,74.9869,2026-09-20,3.2,92,Past,2026-09-24 00:13:27,2026-09-24
Kasaragod,12.4996,74.9869,2026-09-21,4.9,96,Past,2026-09-24 00:13:27,2026-09-24
Kasaragod,12.4996,74.9869,2026-09-22,1.1,18,Past,2026-09-24 00:13:27,2026-09-24
Kasaragod,12.4996,74.9869,2026-09-23,2.1,38,Past,2026-09-24 00:13:27,2026-09-24
Kasaragod,12.4996,74.9869,2026-09-24,13.5,100,Forecast,2026-09-24 00:13:27,2026-09-24
Kasaragod,12.4996,74.9869,2026-09-25,12.1,100,Forecast,2026-09-24 00:13:27,2026-09-24
Kasaragod,12.4996,74.9869,2026-09-26,7.4,93,Forecast,2026-09-24 00:13:27,2026-09-24
Kasaragod,12.4996,74.9869,2026-09-27,1.6,37,Forecast,2026-09-24 00:13:27,2026-09-24
Kasaragod,12.4996,74.9869,2026-09-28,0.0,2,Forecast,2026-09-24 00:13:27,2026-09-24
Kasaragod,12.4996,74.9869,2026-09-29,0.0,16,Forecast,2026-09-24 00:13:27,2026-09-24
Thiruvananthapuram,8.5241,76.9366,2026-09-17,3.1,87,Past,2026-09-25 00:14:26,2026-09-25
Thiruvananthapuram,8.5241,76.9366,2026-09-18,2.6,100,Past,2026-09-25 00:14:26,2026-09-25
Thiruvananthapuram,8.5241,76.9366,2026-09-19,19.7,100,Past,2026-09-25 00:14:26,2026-09-25
Thiruvananthapuram,8.5241,76.9366,2026-09-20,12.2,100,Past,2026-09-25 00:14:26,2026-09-25
Thiruvananthapuram,8.5241,76.9366,2026-09-21,8.8,100,Past,2026-09-25 00:14:26,2026-09-25
Thiruvananthapuram,8.5241,76.9366,2026-09-22,6.2,90,Past,2026-09-25 00:14:26,2026-09-25
Thiruvananthapuram,8.5241,76.9366,2026-09-23,4.9,92,Past,2026-09-25 00:14:26,2026-09-25
Thiruvananthapuram,8.5241,76.9366,2026-09-24,10.6,100,Past,2026-09-25 00:14:26,2026-09-25
Thiruvananthapuram,8.5241,76.9366,2026-09-25,10.8,96,Forecast,2026-09-25 00:14:26,2026-09-25
Thiruvananthapuram,8.5241,76.9366,2026-09-26,1.8,64,Forecast,2026-09-25 00:14:26,2026-09-25
Thiruvananthapuram,8.5241,76.9366,2026-09-27,0.0,61,Forecast,2026-09-25 00:14:26,2026-09-25
Thiruvananthapuram,8.5241,76.9366,2026-09-28,0.3,73,Forecast,2026-09-25 00:14:26,2026-09-25
Thiruvananthapuram,8.5241,76.9366,2026-09-29,0.6,73,Forecast,2026-09-25 00:14:26,2026-09-25
Thiruvananthapuram,8.5241,76.9366,2026-09-30,0.3,45,Forecast,2026-09-25 00:14:26,2026-09-25
Kollam,8.8932,76.6141,2026-09-17,8.4,100,Past,2026-09-25 00:14:26,2026-09-25
Kollam,8.8932,76.6141,2026-09-18,1.9,100,Past,2026-09-25 00:14:26,2026-09-25
Kollam,8.8932,76.6141,2026-09-19,11.0,100,Past,2026-09-25 00:14:26,2026-09-25
Kollam,8.8932,76.6141,2026-09-20,17.8,100,Past,2026-09-25 00:14:26,2026-09-25
Kollam,8.8932,76.6141,2026-09-21,13.2,100,Past,2026-09-25 00:14:26,2026-09-25
Kollam,8.8932,76.6141,2026-09-22,5.3,97,Past,2026-09-25 00:14:26,2026-09-25
Kollam,8.8932,76.6141,2026-09-23,4.0,94,Past,2026-09-25 00:14:26,2026-09-25
Kollam,8.8932,76.6141,2026-09-24,8.4,100,Past,2026-09-25 00:14:26,2026-09-25
Kollam,8.8932,76.6141,2026-09-25,5.9,88,Forecast,2026-09-25 00:14:26,2026-09-25
Kollam,8.8932,76.6141,2026-09-26,2.8,76,Forecast,2026-09-25 00:14:26,2026-09-25
Kollam,8.8932,76.6141,2026-09-27,0.7,88,Forecast,2026-09-25 00:14:26,2026-09-25
Kollam,8.8932,76.6141,2026-09-28,0.6,88,Forecast,2026-09-25 00:14:26,2026-09-25
Kollam,8.8932,76.6141,2026-09-29,1.5,80,Forecast,2026-09-25 00:14:26,2026-09-25
Kollam,8.8932,76.6141,2026-09-30,0.9,53,Forecast,2026-09-25 00:14:26,2026-09-25
Pathanamthitta,9.2648,76.787,2026-09-17,14.9,100,Past,2026-09-25 00:14:26,2026-09-25
Pathanamthitta,9.2648,76.787,2026-09-18,5.0,89,Past,2026-09-25 00:14:26,2026-09-25
Pathanamthitta,9.2648,76.787,2026-09-19,25.7,100,Past,2026-09-25 00:14:26,2026-09-25
Pathanamthitta,9.2648,76.787,2026-09-20,28.2,100,Past,2026-09-25 00:14:26,2026-09-25
Pathanamthitta,9.2648,76.787,2026-09-21,13.6,100,Past,2026-09-25 00:14:26,2026-09-25
Pathanamthitta,9.2648,76.787,2026-09-22,11.7,100,Past,2026-09-25 00:14:26,2026-09-25
Pathanamthitta,9.2648,76.787,2026-09-23,7.2,100,Past,2026-09-25 00:14:26,2026-09-25
Pathanamthitta,9.2648,76.787,2026-09-24,4.7,100,Past,2026-09-25 00:14:26,2026-09-25
Pathanamthitta,9.2648,76.787,2026-09-25,3.6,86,Forecast,2026-09-25 00:14:26,2026-09-25
Pathanamthitta,9.2648,76.787,2026-09-26,4.3,79,Forecast,2026-09-25 00:14:26,2026-09-25
Pathanamthitta,9.2648,76.787,2026-09-27,3.7,82,Forecast,2026-09-25 00:14:26,2026-09-25
Pathanamthitta,9.2648,76.787,2026-09-28,3.9,87,Forecast,2026-09-25 00:14:26,2026-09-25
Pathanamthitta,9.2648,76.787,2026-09-29,4.5,90,Forecast,2026-09-25 00:14:26,2026-09-25
Pathanamthitta,9.2648,76.787,2026-09-30,4.2,63,Forecast,2026-09-25 00:14:26,2026-09-25
Alappuzha,9.4981,76.3388,2026-09-17,2.9,97,Past,2026-09-25 00:14:26,2026-09-25
Alappuzha,9.4981,76.3388,2026-09-18,1.7,90,Past,2026-09-25 00:14:26,2026-09-25
Alappuzha,9.4981,76.3388,2026-09-19,12.8,100,Past,2026-09-25 00:14:26,2026-09-25
Alappuzha,9.4981,76.3388,2026-09-20,26.5,100,Past,2026-09-25 00:14:26,2026-09-25
Alappuzha,9.4981,76.3388,2026-09-21,17.6,100,Past,2026-09-25 00:14:26,2026-09-25
Alappuzha,9.4981,76.3388,2026-09-22,9.7,98,Past,2026-09-25 00:14:26,2026-09-25
Alappuzha,9.4981,76.3388,2026-09-23,4.0,92,Past,2026-09-25 00:14:26,2026-09-25
Alappuzha,9.4981,76.3388,2026-09-24,8.9,100,Past,2026-09-25 00:14:26,2026-09-25
Alappuzha,9.4981,76.3388,2026-09-25,4.8,81,Forecast,2026-09-25 00:14:26,2026-09-25
Alappuzha,9.4981,76.3388,2026-09-26,2.7,58,Forecast,2026-09-25 00:14:26,2026-09-25
Alappuzha,9.4981,76.3388,2026-09-27,5.0,72,Forecast,2026-09-25 00:14:26,2026-09-25
Alappuzha,9.4981,76.3388,2026-09-28,0.9,73,Forecast,2026-09-25 00:14:26,2026-09-25
Alappuzha,9.4981,76.3388,2026-09-29,1.5,73,Forecast,2026-09-25 00:14:26,2026-09-25
Alappuzha,9.4981,76.3388,2026-09-30,0.9,39,Forecast,2026-09-25 00:14:26,2026-09-25
Kottayam,9.5916,76.5222,2026-09-17,10.0,97,Past,2026-09-25 00:14:26,2026-09-25
Kottayam,9.5916,76.5222,2026-09-18,2.4,90,Past,2026-09-25 00:14:26,2026-09-25
Kottayam,9.5916,76.5222,2026-09-19,16.0,100,Past,2026-09-25 00:14:26,2026-09-25
Kottayam,9.5916,76.5222,2026-09-20,27.2,100,Past,2026-09-25 00:14:26,2026-09-25
Kottayam,9.5916,76.5222,2026-09-21,18.9,100,Past,2026-09-25 00:14:26,2026-09-25
Kottayam,9.5916,76.5222,2026-09-22,5.4,98,Past,2026-09-25 00:14:26,2026-09-25
Kottayam,9.5916,76.5222,2026-09-23,3.6,92,Past,2026-09-25 00:14:26,2026-09-25
Kottayam,9.5916,76.5222,2026-09-24,3.8,100,Past,2026-09-25 00:14:26,2026-09-25
Kottayam,9.5916,76.5222,2026-09-25,4.1,81,Forecast,2026-09-25 00:14:26,2026-09-25
Kottayam,9.5916,76.5222,2026-09-26,2.5,58,Forecast,2026-09-25 00:14:26,2026-09-25
Kottayam,9.5916,76.5222,2026-09-27,5.7,72,Forecast,2026-09-25 00:14:26,2026-09-25
Kottayam,9.5916,76.5222,2026-09-28,0.6,73,Forecast,2026-09-25 00:14:26,2026-09-25
Kottayam,9.5916,76.5222,2026-09-29,1.2,73,Forecast,2026-09-25 00:14:26,2026-09-25
Kottayam,9.5916,76.5222,2026-09-30,0.9,39,Forecast,2026-09-25 00:14:26,2026-09-25
Idukki,9.85,76.94,2026-09-17,11.7,100,Past,2026-09-25 00:14:26,2026-09-25
Idukki,9.85,76.94,2026-09-18,7.9,100,Past,2026-09-25 00:14:26,2026-09-25
Idukki,9.85,76.94,2026-09-19,12.3,100,Past,2026-09-25 00:14:26,2026-09-25
Idukki,9.85,76.94,2026-09-20,22.8,100,Past,2026-09-25 00:14:26,2026-09-25
Idukki,9.85,76.94,2026-09-21,7.6,100,Past,2026-09-25 00:14:26,2026-09-25
Idukki,9.85,76.94,2026-09-22,15.0,100,Past,2026-09-25 00:14:26,2026-09-25
Idukki,9.85,76.94,2026-09-23,12.2,100,Past,2026-09-25 00:14:26,2026-09-25
Idukki,9.85,76.94,2026-09-24,11.6,100,Past,2026-09-25 00:14:26,2026-09-25
Idukki,9.85,76.94,2026-09-25,8.9,100,Forecast,2026-09-25 00:14:26,2026-09-25
Idukki,9.85,76.94,2026-09-26,8.2,93,Forecast,2026-09-25 00:14:26,2026-09-25
Idukki,9.85,76.94,2026-09-27,7.3,87,Forecast,2026-09-25 00:14:26,2026-09-25
Idukki,9.85,76.94,2026-09-28,3.0,98,Forecast,2026-09-25 00:14:26,2026-09-25
Idukki,9.85,76.94,2026-09-29,3.6,96,Forecast,2026-09-25 00:14:26,2026-09-25
Idukki,9.85,76.94,2026-09-30,4.8,69,Forecast,2026-09-25 00:14:26,2026-09-25
Ernakulam,9.9312,76.2673,2026-09-17,3.0,82,Past,2026-09-25 00:14:26,2026-09-25
Ernakulam,9.9312,76.2673,2026-09-18,1.6,67,Past,2026-09-25 00:14:26,2026-09-25
Ernakulam,9.9312,76.2673,2026-09-19,5.4,88,Past,2026-09-25 00:14:26,2026-09-25
Ernakulam,9.9312,76.2673,2026-09-20,12.8,100,Past,2026-09-25 00:14:26,2026-09-25
Ernakulam,9.9312,76.2673,2026-09-21,23.1,100,Past,2026-09-25 00:14:26,2026-09-25
Ernakulam,9.9312,76.2673,2026-09-22,7.4,94,Past,2026-09-25 00:14:26,2026-09-25
Ernakulam,9.9312,76.2673,2026-09-23,1.8,82,Past,2026-09-25 00:14:26,2026-09-25
Ernakulam,9.9312,76.2673,2026-09-24,2.2,88,Past,2026-09-25 00:14:26,2026-09-25
Ernakulam,9.9312,76.2673,2026-09-25,2.0,58,Forecast,2026-09-25 00:14:26,2026-09-25
Ernakulam,9.9312,76.2673,2026-09-26,1.2,44,Forecast,2026-09-25 00:14:26,2026-09-25
Ernakulam,9.9312,76.2673,2026-09-27,3.2,45,Forecast,2026-09-25 00:14:26,2026-09-25
Ernakulam,9.9312,76.2673,2026-09-28,0.0,35,Forecast,2026-09-25 00:14:26,2026-09-25
Ernakulam,9.9312,76.2673,2026-09-29,0.3,38,Forecast,2026-09-25 00:14:26,2026-09-25
Ernakulam,9.9312,76.2673,2026-09-30,0.0,38,Forecast,2026-09-25 00:14:26,2026-09-25
Thrissur,10.5276,76.2144,2026-09-17,15.7,96,Past,2026-09-25 00:14:26,2026-09-25
Thrissur,10.5276,76.2144,2026-09-18,2.7,82,Past,2026-09-25 00:14:26,2026-09-25
Thrissur,10.5276,76.2144,2026-09-19,4.3,99,Past,2026-09-25 00:14:26,2026-09-25
Thrissur,10.5276,76.2144,2026-09-20,18.9,100,Past,2026-09-25 00:14:26,2026-09-25
Thrissur,10.5276,76.2144,2026-09-21,31.5,100,Past,2026-09-25 00:14:26,2026-09-25
Thrissur,10.5276,76.2144,2026-09-22,2.5,92,Past,2026-09-25 00:14:26,2026-09-25
Thrissur,10.5276,76.2144,2026-09-23,3.1,76,Past,2026-09-25 00:14:26,2026-09-25
Thrissur,10.5276,76.2144,2026-09-24,1.3,43,Past,2026-09-25 00:14:26,2026-09-25
Thrissur,10.5276,76.2144,2026-09-25,1.4,80,Forecast,2026-09-25 00:14:26,2026-09-25
Thrissur,10.5276,76.2144,2026-09-26,2.7,67,Forecast,2026-09-25 00:14:26,2026-09-25
Thrissur,10.5276,76.2144,2026-09-27,3.4,71,Forecast,2026-09-25 00:14:26,2026-09-25
Thrissur,10.5276,76.2144,2026-09-28,0.9,82,Forecast,2026-09-25 00:14:26,2026-09-25
Thrissur,10.5276,76.2144,2026-09-29,0.6,82,Forecast,2026-09-25 00:14:26,2026-09-25
Thrissur,10.5276,76.2144,2026-09-30,0.3,45,Forecast,2026-09-25 00:14:26,2026-09-25
Palakkad,10.7867,76.6548,2026-09-17,18.1,100,Past,2026-09-25 00:14:26,2026-09-25
Palakkad,10.7867,76.6548,2026-09-18,1.5,72,Past,2026-09-25 00:14:26,2026-09-25
Palakkad,10.7867,76.6548,2026-09-19,9.2,100,Past,2026-09-25 00:14:26,2026-09-25
Palakkad,10.7867,76.6548,2026-09-20,20.2,100,Past,2026-09-25 00:14:26,2026-09-25
Palakkad,10.7867,76.6548,2026-09-21,17.8,100,Past,2026-09-25 00:14:26,2026-09-25
Palakkad,10.7867,76.6548,2026-09-22,3.1,86,Past,2026-09-25 00:14:26,2026-09-25
Palakkad,10.7867,76.6548,2026-09-23,3.0,84,Past,2026-09-25 00:14:26,2026-09-25
Palakkad,10.7867,76.6548,2026-09-24,3.3,88,Past,2026-09-25 00:14:26,2026-09-25
Palakkad,10.7867,76.6548,2026-09-25,3.4,98,Forecast,2026-09-25 00:14:26,2026-09-25
Palakkad,10.7867,76.6548,2026-09-26,1.1,61,Forecast,2026-09-25 00:14:26,2026-09-25
Palakkad,10.7867,76.6548,2026-09-27,2.9,67,Forecast,2026-09-25 00:14:26,2026-09-25
Palakkad,10.7867,76.6548,2026-09-28,0.4,59,Forecast,2026-09-25 00:14:26,2026-09-25
Palakkad,10.7867,76.6548,2026-09-29,0.9,71,Forecast,2026-09-25 00:14:26,2026-09-25
Palakkad,10.7867,76.6548,2026-09-30,0.0,49,Forecast,2026-09-25 00:14:26,2026-09-25
Malappuram,11.051,76.0711,2026-09-17,2.4,94,Past,2026-09-25 00:14:26,2026-09-25
Malappuram,11.051,76.0711,2026-09-18,2.5,73,Past,2026-09-25 00:14:26,2026-09-25
Malappuram,11.051,76.0711,2026-09-19,6.3,79,Past,2026-09-25 00:14:26,2026-09-25
Malappuram,11.051,76.0711,2026-09-20,11.4,98,Past,2026-09-25 00:14:26,2026-09-25
Malappuram,11.051,76.0711,2026-09-21,22.6,100,Past,2026-09-25 00:14:26,2026-09-25
Malappuram,11.051,76.0711,2026-09-22,1.5,96,Past,2026-09-25 00:14:26,2026-09-25
Malappuram,11.051,76.0711,2026-09-23,1.5,73,Past,2026-09-25 00:14:26,2026-09-25
Malappuram,11.051,76.0711,2026-09-24,2.6,76,Past,2026-09-25 00:14:26,2026-09-25
Malappuram,11.051,76.0711,2026-09-25,4.9,88,Forecast,2026-09-25 00:14:26,2026-09-25
Malappuram,11.051,76.0711,2026-09-26,0.6,39,Forecast,2026-09-25 00:14:26,2026-09-25
Malappuram,11.051,76.0711,2026-09-27,1.4,53,Forecast,2026-09-25 00:14:26,2026-09-25
Malappuram,11.051,76.0711,2026-09-28,0.6,53,Forecast,2026-09-25 00:14:26,2026-09-25
Malappuram,11.051,76.0711,2026-09-29,1.2,73,Forecast,2026-09-25 00:14:26,2026-09-25
Malappuram,11.051,76.0711,2026-09-30,0.0,47,Forecast,2026-09-25 00:14:26,2026-09-25
Kozhikode,11.2588,75.7804,2026-09-17,2.6,90,Past,2026-09-25 00:14:26,2026-09-25
Kozhikode,11.2588,75.7804,2026-09-18,1.5,92,Past,2026-09-25 00:14:26,2026-09-25
Kozhikode,11.2588,75.7804,2026-09-19,1.9,100,Past,2026-09-25 00:14:26,2026-09-25
Kozhikode,11.2588,75.7804,2026-09-20,5.4,100,Past,2026-09-25 00:14:26,2026-09-25
Kozhikode,11.2588,75.7804,2026-09-21,5.7,100,Past,2026-09-25 00:14:26,2026-09-25
Kozhikode,11.2588,75.7804,2026-09-22,1.0,78,Past,2026-09-25 00:14:26,2026-09-25
Kozhikode,11.2588,75.7804,2026-09-23,1.9,76,Past,2026-09-25 00:14:26,2026-09-25
Kozhikode,11.2588,75.7804,2026-09-24,4.6,98,Past,2026-09-25 00:14:26,2026-09-25
Kozhikode,11.2588,75.7804,2026-09-25,23.6,98,Forecast,2026-09-25 00:14:26,2026-09-25
Kozhikode,11.2588,75.7804,2026-09-26,0.4,49,Forecast,2026-09-25 00:14:26,2026-09-25
Kozhikode,11.2588,75.7804,2026-09-27,0.1,58,Forecast,2026-09-25 00:14:26,2026-09-25
Kozhikode,11.2588,75.7804,2026-09-28,0.0,53,Forecast,2026-09-25 00:14:26,2026-09-25
Kozhikode,11.2588,75.7804,2026-09-29,0.0,59,Forecast,2026-09-25 00:14:26,2026-09-25
Kozhikode,11.2588,75.7804,2026-09-30,0.0,43,Forecast,2026-09-25 00:14:26,2026-09-25
Wayanad,11.6103,76.083,2026-09-17,1.9,100,Past,2026-09-25 00:14:26,2026-09-25
Wayanad,11.6103,76.083,2026-09-18,4.1,100,Past,2026-09-25 00:14:26,2026-09-25
Wayanad,11.6103,76.083,2026-09-19,3.0,100,Past,2026-09-25 00:14:26,2026-09-25
Wayanad,11.6103,76.083,2026-09-20,3.2,100,Past,2026-09-25 00:14:26,2026-09-25
Wayanad,11.6103,76.083,2026-09-21,4.5,100,Past,2026-09-25 00:14:26,2026-09-25
Wayanad,11.6103,76.083,2026-09-22,0.2,74,Past,2026-09-25 00:14:26,2026-09-25
Wayanad,11.6103,76.083,2026-09-23,0.2,69,Past,2026-09-25 00:14:26,2026-09-25
Wayanad,11.6103,76.083,2026-09-24,2.2,97,Past,2026-09-25 00:14:26,2026-09-25
Wayanad,11.6103,76.083,2026-09-25,6.8,100,Forecast,2026-09-25 00:14:26,2026-09-25
Wayanad,11.6103,76.083,2026-09-26,0.5,71,Forecast,2026-09-25 00:14:26,2026-09-25
Wayanad,11.6103,76.083,2026-09-27,2.5,91,Forecast,2026-09-25 00:14:26,2026-09-25
Wayanad,11.6103,76.083,2026-09-28,3.0,96,Forecast,2026-09-25 00:14:26,2026-09-25
Wayanad,11.6103,76.083,2026-09-29,1.5,96,Forecast,2026-09-25 00:14:26,2026-09-25
Wayanad,11.6103,76.083,2026-09-30,1.2,76,Forecast,2026-09-25 00:14:26,2026-09-25
Kannur,11.8745,75.3704,2026-09-17,0.6,47,Past,2026-09-25 00:14:26,2026-09-25
Kannur,11.8745,75.3704,2026-09-18,0.6,76,Past,2026-09-25 00:14:26,2026-09-25
Kannur,11.8745,75.3704,2026-09-19,0.7,66,Past,2026-09-25 00:14:26,2026-09-25
Kannur,11.8745,75.3704,2026-09-20,4.8,98,Past,2026-09-25 00:14:26,2026-09-25
Kannur,11.8745,75.3704,2026-09-21,12.8,98,Past,2026-09-25 00:14:26,2026-09-25
Kannur,11.8745,75.3704,2026-09-22,1.4,51,Past,2026-09-25 00:14:26,2026-09-25
Kannur,11.8745,75.3704,2026-09-23,0.9,55,Past,2026-09-25 00:14:26,2026-09-25
Kannur,11.8745,75.3704,2026-09-24,8.2,100,Past,2026-09-25 00:14:26,2026-09-25
Kannur,11.8745,75.3704,2026-09-25,12.4,100,Forecast,2026-09-25 00:14:26,2026-09-25
Kannur,11.8745,75.3704,2026-09-26,0.4,24,Forecast,2026-09-25 00:14:26,2026-09-25
Kannur,11.8745,75.3704,2026-09-27,0.0,24,Forecast,2026-09-25 00:14:26,2026-09-25
Kannur,11.8745,75.3704,2026-09-28,0.0,12,Forecast,2026-09-25 00:14:26,2026-09-25
Kannur,11.8745,75.3704,2026-09-29,0.0,16,Forecast,2026-09-25 00:14:26,2026-09-25
Kannur,11.8745,75.3704,2026-09-30,0.0,10,Forecast,2026-09-25 00:14:26,2026-09-25
Kasaragod,12.4996,74.9869,2026-09-17,0.4,29,Past,2026-09-25 00:14:26,2026-09-25
Kasaragod,12.4996,74.9869,2026-09-18,1.0,55,Past,2026-09-25 00:14:26,2026-09-25
Kasaragod,12.4996,74.9869,2026-09-19,0.3,34,Past,2026-09-25 00:14:26,2026-09-25
Kasaragod,12.4996,74.9869,2026-09-20,3.2,92,Past,2026-09-25 00:14:26,2026-09-25
Kasaragod,12.4996,74.9869,2026-09-21,4.9,96,Past,2026-09-25 00:14:26,2026-09-25
Kasaragod,12.4996,74.9869,2026-09-22,1.1,18,Past,2026-09-25 00:14:26,2026-09-25
Kasaragod,12.4996,74.9869,2026-09-23,2.1,38,Past,2026-09-25 00:14:26,2026-09-25
Kasaragod,12.4996,74.9869,2026-09-24,8.9,100,Past,2026-09-25 00:14:26,2026-09-25
Kasaragod,12.4996,74.9869,2026-09-25,22.2,100,Forecast,2026-09-25 00:14:26,2026-09-25
Kasaragod,12.4996,74.9869,2026-09-26,0.1,43,Forecast,2026-09-25 00:14:26,2026-09-25
Kasaragod,12.4996,74.9869,2026-09-27,0.4,25,Forecast,2026-09-25 00:14:26,2026-09-25
Kasaragod,12.4996,74.9869,2026-09-28,0.3,10,Forecast,2026-09-25 00:14:26,2026-09-25
Kasaragod,12.4996,74.9869,2026-09-29,0.0,17,Forecast,2026-09-25 00:14:26,2026-09-25
Kasaragod,12.4996,74.9869,2026-09-30,0.0,14,Forecast,2026-09-25 00:14:26,2026-09-25
Thiruvananthapuram,8.5241,76.9366,2026-09-19,19.7,100,Past,2026-09-26 00:31:07,2026-09-26
Thiruvananthapuram,8.5241,76.9366,2026-09-20,12.2,100,Past,2026-09-26 00:31:07,2026-09-26
Thiruvananthapuram,8.5241,76.9366,2026-09-21,8.8,100,Past,2026-09-26 00:31:07,2026-09-26
Thiruvananthapuram,8.5241,76.9366,2026-09-22,6.2,90,Past,2026-09-26 00:31:07,2026-09-26
Thiruvananthapuram,8.5241,76.9366,2026-09-23,4.9,92,Past,2026-09-26 00:31:07,2026-09-26
Thiruvananthapuram,8.5241,76.9366,2026-09-24,10.1,100,Past,2026-09-26 00:31:07,2026-09-26
Thiruvananthapuram,8.5241,76.9366,2026-09-25,4.2,94,Past,2026-09-26 00:31:07,2026-09-26
Thiruvananthapuram,8.5241,76.9366,2026-09-26,6.6,78,Forecast,2026-09-26 00:31:07,2026-09-26
Thiruvananthapuram,8.5241,76.9366,2026-09-27,1.7,60,Forecast,2026-09-26 00:31:07,2026-09-26
Thiruvananthapuram,8.5241,76.9366,2026-09-28,0.0,69,Forecast,2026-09-26 00:31:07,2026-09-26
Thiruvananthapuram,8.5241,76.9366,2026-09-29,0.8,69,Forecast,2026-09-26 00:31:07,2026-09-26
Thiruvananthapuram,8.5241,76.9366,2026-09-30,0.6,71,Forecast,2026-09-26 00:31:07,2026-09-26
Thiruvananthapuram,8.5241,76.9366,2026-10-01,2.1,61,Forecast,2026-09-26 00:31:07,2026-09-26
Thiruvananthapuram,8.5241,76.9366,2026-10-02,5.4,78,Forecast,2026-09-26 00:31:07,2026-09-26
Kollam,8.8932,76.6141,2026-09-19,11.0,100,Past,2026-09-26 00:31:07,2026-09-26
Kollam,8.8932,76.6141,2026-09-20,17.8,100,Past,2026-09-26 00:31:07,2026-09-26
Kollam,8.8932,76.6141,2026-09-21,13.2,100,Past,2026-09-26 00:31:07,2026-09-26
Kollam,8.8932,76.6141,2026-09-22,5.3,97,Past,2026-09-26 00:31:07,2026-09-26
Kollam,8.8932,76.6141,2026-09-23,4.0,94,Past,2026-09-26 00:31:07,2026-09-26
Kollam,8.8932,76.6141,2026-09-24,8.5,100,Past,2026-09-26 00:31:07,2026-09-26
Kollam,8.8932,76.6141,2026-09-25,1.9,90,Past,2026-09-26 00:31:07,2026-09-26
Kollam,8.8932,76.6141,2026-09-26,4.2,76,Forecast,2026-09-26 00:31:07,2026-09-26
Kollam,8.8932,76.6141,2026-09-27,4.3,80,Forecast,2026-09-26 00:31:07,2026-09-26
Kollam,8.8932,76.6141,2026-09-28,0.2,82,Forecast,2026-09-26 00:31:07,2026-09-26
Kollam,8.8932,76.6141,2026-09-29,1.0,84,Forecast,2026-09-26 00:31:07,2026-09-26
Kollam,8.8932,76.6141,2026-09-30,0.0,78,Forecast,2026-09-26 00:31:07,2026-09-26
Kollam,8.8932,76.6141,2026-10-01,0.9,63,Forecast,2026-09-26 00:31:07,2026-09-26
Kollam,8.8932,76.6141,2026-10-02,6.0,80,Forecast,2026-09-26 00:31:07,2026-09-26
Pathanamthitta,9.2648,76.787,2026-09-19,25.7,100,Past,2026-09-26 00:31:07,2026-09-26
Pathanamthitta,9.2648,76.787,2026-09-20,28.2,100,Past,2026-09-26 00:31:07,2026-09-26
Pathanamthitta,9.2648,76.787,2026-09-21,13.6,100,Past,2026-09-26 00:31:07,2026-09-26
Pathanamthitta,9.2648,76.787,2026-09-22,11.7,100,Past,2026-09-26 00:31:07,2026-09-26
Pathanamthitta,9.2648,76.787,2026-09-23,7.2,100,Past,2026-09-26 00:31:07,2026-09-26
Pathanamthitta,9.2648,76.787,2026-09-24,3.1,100,Past,2026-09-26 00:31:07,2026-09-26
Pathanamthitta,9.2648,76.787,2026-09-25,5.6,84,Past,2026-09-26 00:31:07,2026-09-26
Pathanamthitta,9.2648,76.787,2026-09-26,7.1,74,Forecast,2026-09-26 00:31:07,2026-09-26
Pathanamthitta,9.2648,76.787,2026-09-27,0.8,80,Forecast,2026-09-26 00:31:07,2026-09-26
Pathanamthitta,9.2648,76.787,2026-09-28,2.4,89,Forecast,2026-09-26 00:31:07,2026-09-26
Pathanamthitta,9.2648,76.787,2026-09-29,4.5,89,Forecast,2026-09-26 00:31:07,2026-09-26
Pathanamthitta,9.2648,76.787,2026-09-30,1.5,77,Forecast,2026-09-26 00:31:07,2026-09-26
Pathanamthitta,9.2648,76.787,2026-10-01,0.9,65,Forecast,2026-09-26 00:31:07,2026-09-26
Pathanamthitta,9.2648,76.787,2026-10-02,15.0,84,Forecast,2026-09-26 00:31:07,2026-09-26
Alappuzha,9.4981,76.3388,2026-09-19,12.8,100,Past,2026-09-26 00:31:07,2026-09-26
Alappuzha,9.4981,76.3388,2026-09-20,26.5,100,Past,2026-09-26 00:31:07,2026-09-26
Alappuzha,9.4981,76.3388,2026-09-21,17.6,100,Past,2026-09-26 00:31:07,2026-09-26
Alappuzha,9.4981,76.3388,2026-09-22,9.7,98,Past,2026-09-26 00:31:07,2026-09-26
Alappuzha,9.4981,76.3388,2026-09-23,4.0,92,Past,2026-09-26 00:31:07,2026-09-26
Alappuzha,9.4981,76.3388,2026-09-24,8.6,100,Past,2026-09-26 00:31:07,2026-09-26
Alappuzha,9.4981,76.3388,2026-09-25,0.3,87,Past,2026-09-26 00:31:07,2026-09-26
Alappuzha,9.4981,76.3388,2026-09-26,4.8,52,Forecast,2026-09-26 00:31:07,2026-09-26
Alappuzha,9.4981,76.3388,2026-09-27,0.2,58,Forecast,2026-09-26 00:31:07,2026-09-26
Alappuzha,9.4981,76.3388,2026-09-28,0.4,57,Forecast,2026-09-26 00:31:07,2026-09-26
Alappuzha,9.4981,76.3388,2026-09-29,1.7,67,Forecast,2026-09-26 00:31:07,2026-09-26
Alappuzha,9.4981,76.3388,2026-09-30,0.9,61,Forecast,2026-09-26 00:31:07,2026-09-26
Alappuzha,9.4981,76.3388,2026-10-01,2.1,51,Forecast,2026-09-26 00:31:07,2026-09-26
Alappuzha,9.4981,76.3388,2026-10-02,5.4,75,Forecast,2026-09-26 00:31:07,2026-09-26
Kottayam,9.5916,76.5222,2026-09-19,16.0,100,Past,2026-09-26 00:31:07,2026-09-26
Kottayam,9.5916,76.5222,2026-09-20,27.2,100,Past,2026-09-26 00:31:07,2026-09-26
Kottayam,9.5916,76.5222,2026-09-21,18.9,100,Past,2026-09-26 00:31:07,2026-09-26
Kottayam,9.5916,76.5222,2026-09-22,5.4,98,Past,2026-09-26 00:31:07,2026-09-26
Kottayam,9.5916,76.5222,2026-09-23,3.6,92,Past,2026-09-26 00:31:07,2026-09-26
Kottayam,9.5916,76.5222,2026-09-24,3.5,100,Past,2026-09-26 00:31:07,2026-09-26
Kottayam,9.5916,76.5222,2026-09-25,1.9,87,Past,2026-09-26 00:31:07,2026-09-26
Kottayam,9.5916,76.5222,2026-09-26,5.9,52,Forecast,2026-09-26 00:31:07,2026-09-26
Kottayam,9.5916,76.5222,2026-09-27,0.6,58,Forecast,2026-09-26 00:31:07,2026-09-26
Kottayam,9.5916,76.5222,2026-09-28,0.1,57,Forecast,2026-09-26 00:31:07,2026-09-26
Kottayam,9.5916,76.5222,2026-09-29,1.5,67,Forecast,2026-09-26 00:31:07,2026-09-26
Kottayam,9.5916,76.5222,2026-09-30,1.8,61,Forecast,2026-09-26 00:31:07,2026-09-26
Kottayam,9.5916,76.5222,2026-10-01,2.1,51,Forecast,2026-09-26 00:31:07,2026-09-26
Kottayam,9.5916,76.5222,2026-10-02,8.4,75,Forecast,2026-09-26 00:31:07,2026-09-26
Idukki,9.85,76.94,2026-09-19,12.3,100,Past,2026-09-26 00:31:07,2026-09-26
Idukki,9.85,76.94,2026-09-20,22.8,100,Past,2026-09-26 00:31:07,2026-09-26
Idukki,9.85,76.94,2026-09-21,7.6,100,Past,2026-09-26 00:31:07,2026-09-26
Idukki,9.85,76.94,2026-09-22,15.0,100,Past,2026-09-26 00:31:07,2026-09-26
Idukki,9.85,76.94,2026-09-23,12.2,100,Past,2026-09-26 00:31:07,2026-09-26
Idukki,9.85,76.94,2026-09-24,9.3,100,Past,2026-09-26 00:31:07,2026-09-26
Idukki,9.85,76.94,2026-09-25,5.1,98,Past,2026-09-26 00:31:07,2026-09-26
Idukki,9.85,76.94,2026-09-26,8.5,87,Forecast,2026-09-26 00:31:07,2026-09-26
Idukki,9.85,76.94,2026-09-27,1.9,78,Forecast,2026-09-26 00:31:07,2026-09-26
Idukki,9.85,76.94,2026-09-28,0.3,97,Forecast,2026-09-26 00:31:07,2026-09-26
Idukki,9.85,76.94,2026-09-29,1.8,95,Forecast,2026-09-26 00:31:07,2026-09-26
Idukki,9.85,76.94,2026-09-30,0.0,64,Forecast,2026-09-26 00:31:07,2026-09-26
Idukki,9.85,76.94,2026-10-01,2.1,75,Forecast,2026-09-26 00:31:07,2026-09-26
Idukki,9.85,76.94,2026-10-02,12.6,98,Forecast,2026-09-26 00:31:07,2026-09-26
Ernakulam,9.9312,76.2673,2026-09-19,5.4,88,Past,2026-09-26 00:31:07,2026-09-26
Ernakulam,9.9312,76.2673,2026-09-20,12.8,100,Past,2026-09-26 00:31:07,2026-09-26
Ernakulam,9.9312,76.2673,2026-09-21,23.1,100,Past,2026-09-26 00:31:07,2026-09-26
Ernakulam,9.9312,76.2673,2026-09-22,7.4,94,Past,2026-09-26 00:31:07,2026-09-26
Ernakulam,9.9312,76.2673,2026-09-23,1.8,82,Past,2026-09-26 00:31:07,2026-09-26
Ernakulam,9.9312,76.2673,2026-09-24,1.3,88,Past,2026-09-26 00:31:07,2026-09-26
Ernakulam,9.9312,76.2673,2026-09-25,0.2,84,Past,2026-09-26 00:31:07,2026-09-26
Ernakulam,9.9312,76.2673,2026-09-26,3.4,57,Forecast,2026-09-26 00:31:07,2026-09-26
Ernakulam,9.9312,76.2673,2026-09-27,0.3,61,Forecast,2026-09-26 00:31:07,2026-09-26
Ernakulam,9.9312,76.2673,2026-09-28,0.1,37,Forecast,2026-09-26 00:31:07,2026-09-26
Ernakulam,9.9312,76.2673,2026-09-29,0.6,41,Forecast,2026-09-26 00:31:07,2026-09-26
Ernakulam,9.9312,76.2673,2026-09-30,0.6,27,Forecast,2026-09-26 00:31:07,2026-09-26
Ernakulam,9.9312,76.2673,2026-10-01,0.0,25,Forecast,2026-09-26 00:31:07,2026-09-26
Ernakulam,9.9312,76.2673,2026-10-02,3.6,29,Forecast,2026-09-26 00:31:07,2026-09-26
Thrissur,10.5276,76.2144,2026-09-19,4.3,99,Past,2026-09-26 00:31:07,2026-09-26
Thrissur,10.5276,76.2144,2026-09-20,18.9,100,Past,2026-09-26 00:31:07,2026-09-26
Thrissur,10.5276,76.2144,2026-09-21,31.5,100,Past,2026-09-26 00:31:07,2026-09-26
Thrissur,10.5276,76.2144,2026-09-22,2.5,92,Past,2026-09-26 00:31:07,2026-09-26
Thrissur,10.5276,76.2144,2026-09-23,3.1,76,Past,2026-09-26 00:31:07,2026-09-26
Thrissur,10.5276,76.2144,2026-09-24,0.9,43,Past,2026-09-26 00:31:07,2026-09-26
Thrissur,10.5276,76.2144,2026-09-25,4.0,74,Past,2026-09-26 00:31:07,2026-09-26
Thrissur,10.5276,76.2144,2026-09-26,4.9,53,Forecast,2026-09-26 00:31:07,2026-09-26
Thrissur,10.5276,76.2144,2026-09-27,0.3,53,Forecast,2026-09-26 00:31:07,2026-09-26
Thrissur,10.5276,76.2144,2026-09-28,0.2,57,Forecast,2026-09-26 00:31:07,2026-09-26
Thrissur,10.5276,76.2144,2026-09-29,0.3,59,Forecast,2026-09-26 00:31:07,2026-09-26
Thrissur,10.5276,76.2144,2026-09-30,1.2,69,Forecast,2026-09-26 00:31:07,2026-09-26
Thrissur,10.5276,76.2144,2026-10-01,0.9,49,Forecast,2026-09-26 00:31:07,2026-09-26
Thrissur,10.5276,76.2144,2026-10-02,3.6,61,Forecast,2026-09-26 00:31:07,2026-09-26
Palakkad,10.7867,76.6548,2026-09-19,9.2,100,Past,2026-09-26 00:31:07,2026-09-26
Palakkad,10.7867,76.6548,2026-09-20,20.2,100,Past,2026-09-26 00:31:07,2026-09-26
Palakkad,10.7867,76.6548,2026-09-21,17.8,100,Past,2026-09-26 00:31:07,2026-09-26
Palakkad,10.7867,76.6548,2026-09-22,3.1,86,Past,2026-09-26 00:31:07,2026-09-26
Palakkad,10.7867,76.6548,2026-09-23,3.0,84,Past,2026-09-26 00:31:07,2026-09-26
Palakkad,10.7867,76.6548,2026-09-24,1.6,86,Past,2026-09-26 00:31:07,2026-09-26
Palakkad,10.7867,76.6548,2026-09-25,16.1,92,Past,2026-09-26 00:31:07,2026-09-26
Palakkad,10.7867,76.6548,2026-09-26,3.8,93,Forecast,2026-09-26 00:31:07,2026-09-26
Palakkad,10.7867,76.6548,2026-09-27,1.6,39,Forecast,2026-09-26 00:31:07,2026-09-26
Palakkad,10.7867,76.6548,2026-09-28,0.3,53,Forecast,2026-09-26 00:31:07,2026-09-26
Palakkad,10.7867,76.6548,2026-09-29,1.2,77,Forecast,2026-09-26 00:31:07,2026-09-26
Palakkad,10.7867,76.6548,2026-09-30,0.0,40,Forecast,2026-09-26 00:31:07,2026-09-26
Palakkad,10.7867,76.6548,2026-10-01,1.5,41,Forecast,2026-09-26 00:31:07,2026-09-26
Palakkad,10.7867,76.6548,2026-10-02,5.4,78,Forecast,2026-09-26 00:31:07,2026-09-26
Malappuram,11.051,76.0711,2026-09-19,6.3,79,Past,2026-09-26 00:31:07,2026-09-26
Malappuram,11.051,76.0711,2026-09-20,11.4,98,Past,2026-09-26 00:31:07,2026-09-26
Malappuram,11.051,76.0711,2026-09-21,22.6,100,Past,2026-09-26 00:31:07,2026-09-26
Malappuram,11.051,76.0711,2026-09-22,1.5,96,Past,2026-09-26 00:31:07,2026-09-26
Malappuram,11.051,76.0711,2026-09-23,1.5,73,Past,2026-09-26 00:31:07,2026-09-26
Malappuram,11.051,76.0711,2026-09-24,1.5,76,Past,2026-09-26 00:31:07,2026-09-26
Malappuram,11.051,76.0711,2026-09-25,19.9,86,Past,2026-09-26 00:31:07,2026-09-26
Malappuram,11.051,76.0711,2026-09-26,1.9,71,Forecast,2026-09-26 00:31:07,2026-09-26
Malappuram,11.051,76.0711,2026-09-27,0.6,41,Forecast,2026-09-26 00:31:07,2026-09-26
Malappuram,11.051,76.0711,2026-09-28,0.0,53,Forecast,2026-09-26 00:31:07,2026-09-26
Malappuram,11.051,76.0711,2026-09-29,0.6,59,Forecast,2026-09-26 00:31:07,2026-09-26
Malappuram,11.051,76.0711,2026-09-30,0.3,55,Forecast,2026-09-26 00:31:07,2026-09-26
Malappuram,11.051,76.0711,2026-10-01,2.1,45,Forecast,2026-09-26 00:31:07,2026-09-26
Malappuram,11.051,76.0711,2026-10-02,8.4,71,Forecast,2026-09-26 00:31:07,2026-09-26
Kozhikode,11.2588,75.7804,2026-09-19,1.9,100,Past,2026-09-26 00:31:07,2026-09-26
Kozhikode,11.2588,75.7804,2026-09-20,5.4,100,Past,2026-09-26 00:31:07,2026-09-26
Kozhikode,11.2588,75.7804,2026-09-21,5.7,100,Past,2026-09-26 00:31:07,2026-09-26
Kozhikode,11.2588,75.7804,2026-09-22,1.0,78,Past,2026-09-26 00:31:07,2026-09-26
Kozhikode,11.2588,75.7804,2026-09-23,1.9,76,Past,2026-09-26 00:31:07,2026-09-26
Kozhikode,11.2588,75.7804,2026-09-24,2.9,98,Past,2026-09-26 00:31:07,2026-09-26
Kozhikode,11.2588,75.7804,2026-09-25,14.3,100,Past,2026-09-26 00:31:07,2026-09-26
Kozhikode,11.2588,75.7804,2026-09-26,3.2,79,Forecast,2026-09-26 00:31:07,2026-09-26
Kozhikode,11.2588,75.7804,2026-09-27,0.0,53,Forecast,2026-09-26 00:31:07,2026-09-26
Kozhikode,11.2588,75.7804,2026-09-28,0.0,43,Forecast,2026-09-26 00:31:07,2026-09-26
Kozhikode,11.2588,75.7804,2026-09-29,0.0,53,Forecast,2026-09-26 00:31:07,2026-09-26
Kozhikode,11.2588,75.7804,2026-09-30,0.0,51,Forecast,2026-09-26 00:31:07,2026-09-26
Kozhikode,11.2588,75.7804,2026-10-01,0.0,43,Forecast,2026-09-26 00:31:07,2026-09-26
Kozhikode,11.2588,75.7804,2026-10-02,4.8,67,Forecast,2026-09-26 00:31:07,2026-09-26
Wayanad,11.6103,76.083,2026-09-19,3.0,100,Past,2026-09-26 00:31:07,2026-09-26
Wayanad,11.6103,76.083,2026-09-20,3.2,100,Past,2026-09-26 00:31:07,2026-09-26
Wayanad,11.6103,76.083,2026-09-21,4.5,100,Past,2026-09-26 00:31:07,2026-09-26
Wayanad,11.6103,76.083,2026-09-22,0.2,74,Past,2026-09-26 00:31:07,2026-09-26
Wayanad,11.6103,76.083,2026-09-23,0.2,69,Past,2026-09-26 00:31:07,2026-09-26
Wayanad,11.6103,76.083,2026-09-24,1.7,100,Past,2026-09-26 00:31:07,2026-09-26
Wayanad,11.6103,76.083,2026-09-25,18.7,100,Past,2026-09-26 00:31:07,2026-09-26
Wayanad,11.6103,76.083,2026-09-26,1.5,100,Forecast,2026-09-26 00:31:07,2026-09-26
Wayanad,11.6103,76.083,2026-09-27,0.1,98,Forecast,2026-09-26 00:31:07,2026-09-26
Wayanad,11.6103,76.083,2026-09-28,1.6,97,Forecast,2026-09-26 00:31:07,2026-09-26
Wayanad,11.6103,76.083,2026-09-29,0.8,95,Forecast,2026-09-26 00:31:07,2026-09-26
Wayanad,11.6103,76.083,2026-09-30,0.6,86,Forecast,2026-09-26 00:31:07,2026-09-26
Wayanad,11.6103,76.083,2026-10-01,6.9,82,Forecast,2026-09-26 00:31:07,2026-09-26
Wayanad,11.6103,76.083,2026-10-02,9.0,90,Forecast,2026-09-26 00:31:07,2026-09-26
Kannur,11.8745,75.3704,2026-09-19,0.7,66,Past,2026-09-26 00:31:07,2026-09-26
Kannur,11.8745,75.3704,2026-09-20,4.8,98,Past,2026-09-26 00:31:07,2026-09-26
Kannur,11.8745,75.3704,2026-09-21,12.8,98,Past,2026-09-26 00:31:07,2026-09-26
Kannur,11.8745,75.3704,2026-09-22,1.4,51,Past,2026-09-26 00:31:07,2026-09-26
Kannur,11.8745,75.3704,2026-09-23,0.9,55,Past,2026-09-26 00:31:07,2026-09-26
Kannur,11.8745,75.3704,2026-09-24,7.7,100,Past,2026-09-26 00:31:07,2026-09-26
Kannur,11.8745,75.3704,2026-09-25,25.6,100,Past,2026-09-26 00:31:07,2026-09-26
Kannur,11.8745,75.3704,2026-09-26,3.7,33,Forecast,2026-09-26 00:31:07,2026-09-26
Kannur,11.8745,75.3704,2026-09-27,0.0,23,Forecast,2026-09-26 00:31:07,2026-09-26
Kannur,11.8745,75.3704,2026-09-28,0.0,10,Forecast,2026-09-26 00:31:07,2026-09-26
Kannur,11.8745,75.3704,2026-09-29,0.1,18,Forecast,2026-09-26 00:31:07,2026-09-26
Kannur,11.8745,75.3704,2026-09-30,0.0,6,Forecast,2026-09-26 00:31:07,2026-09-26
Kannur,11.8745,75.3704,2026-10-01,3.0,10,Forecast,2026-09-26 00:31:07,2026-09-26
Kannur,11.8745,75.3704,2026-10-02,1.2,45,Forecast,2026-09-26 00:31:07,2026-09-26
Kasaragod,12.4996,74.9869,2026-09-19,0.3,34,Past,2026-09-26 00:31:07,2026-09-26
Kasaragod,12.4996,74.9869,2026-09-20,3.2,92,Past,2026-09-26 00:31:07,2026-09-26
Kasaragod,12.4996,74.9869,2026-09-21,4.9,96,Past,2026-09-26 00:31:07,2026-09-26
Kasaragod,12.4996,74.9869,2026-09-22,1.1,18,Past,2026-09-26 00:31:07,2026-09-26
Kasaragod,12.4996,74.9869,2026-09-23,2.1,38,Past,2026-09-26 00:31:07,2026-09-26
Kasaragod,12.4996,74.9869,2026-09-24,8.2,100,Past,2026-09-26 00:31:07,2026-09-26
Kasaragod,12.4996,74.9869,2026-09-25,13.2,100,Past,2026-09-26 00:31:07,2026-09-26
Kasaragod,12.4996,74.9869,2026-09-26,1.9,63,Forecast,2026-09-26 00:31:07,2026-09-26
Kasaragod,12.4996,74.9869,2026-09-27,0.4,20,Forecast,2026-09-26 00:31:07,2026-09-26
Kasaragod,12.4996,74.9869,2026-09-28,0.0,4,Forecast,2026-09-26 00:31:07,2026-09-26
Kasaragod,12.4996,74.9869,2026-09-29,0.3,18,Forecast,2026-09-26 00:31:07,2026-09-26
Kasaragod,12.4996,74.9869,2026-09-30,0.0,8,Forecast,2026-09-26 00:31:07,2026-09-26
Kasaragod,12.4996,74.9869,2026-10-01,0.0,14,Forecast,2026-09-26 00:31:07,2026-09-26
Kasaragod,12.4996,74.9869,2026-10-02,0.6,43,Forecast,2026-09-26 00:31:07,2026-09-26
Thiruvananthapuram,8.5241,76.9366,2026-09-20,12.2,100,Past,2026-09-27 04:44:13,2026-09-27
Thiruvananthapuram,8.5241,76.9366,2026-09-21,8.8,100,Past,2026-09-27 04:44:13,2026-09-27
Thiruvananthapuram,8.5241,76.9366,2026-09-22,6.2,90,Past,2026-09-27 04:44:13,2026-09-27
Thiruvananthapuram,8.5241,76.9366,2026-09-23,4.9,92,Past,2026-09-27 04:44:13,2026-09-27
Thiruvananthapuram,8.5241,76.9366,2026-09-24,10.1,100,Past,2026-09-27 04:44:13,2026-09-27
Thiruvananthapuram,8.5241,76.9366,2026-09-25,4.2,94,Past,2026-09-27 04:44:13,2026-09-27
Thiruvananthapuram,8.5241,76.9366,2026-09-26,0.3,32,Past,2026-09-27 04:44:13,2026-09-27
Thiruvananthapuram,8.5241,76.9366,2026-09-27,0.4,72,Forecast,2026-09-27 04:44:13,2026-09-27
Thiruvananthapuram,8.5241,76.9366,2026-09-28,0.5,71,Forecast,2026-09-27 04:44:13,2026-09-27
Thiruvananthapuram,8.5241,76.9366,2026-09-29,0.6,64,Forecast,2026-09-27 04:44:13,2026-09-27
Thiruvananthapuram,8.5241,76.9366,2026-09-30,1.2,75,Forecast,2026-09-27 04:44:13,2026-09-27
Thiruvananthapuram,8.5241,76.9366,2026-10-01,5.1,98,Forecast,2026-09-27 04:44:13,2026-09-27
Thiruvananthapuram,8.5241,76.9366,2026-10-02,6.6,98,Forecast,2026-09-27 04:44:13,2026-09-27
Thiruvananthapuram,8.5241,76.9366,2026-10-03,6.6,98,Forecast,2026-09-27 04:44:13,2026-09-27
Kollam,8.8932,76.6141,2026-09-20,17.8,100,Past,2026-09-27 04:44:13,2026-09-27
Kollam,8.8932,76.6141,2026-09-21,13.2,100,Past,2026-09-27 04:44:13,2026-09-27
Kollam,8.8932,76.6141,2026-09-22,5.3,97,Past,2026-09-27 04:44:13,2026-09-27
Kollam,8.8932,76.6141,2026-09-23,4.0,94,Past,2026-09-27 04:44:13,2026-09-27
Kollam,8.8932,76.6141,2026-09-24,8.5,100,Past,2026-09-27 04:44:13,2026-09-27
Kollam,8.8932,76.6141,2026-09-25,1.9,90,Past,2026-09-27 04:44:13,2026-09-27
Kollam,8.8932,76.6141,2026-09-26,0.1,55,Past,2026-09-27 04:44:13,2026-09-27
Kollam,8.8932,76.6141,2026-09-27,0.6,91,Forecast,2026-09-27 04:44:13,2026-09-27
Kollam,8.8932,76.6141,2026-09-28,1.7,76,Forecast,2026-09-27 04:44:13,2026-09-27
Kollam,8.8932,76.6141,2026-09-29,0.8,78,Forecast,2026-09-27 04:44:13,2026-09-27
Kollam,8.8932,76.6141,2026-09-30,0.6,73,Forecast,2026-09-27 04:44:13,2026-09-27
Kollam,8.8932,76.6141,2026-10-01,0.3,92,Forecast,2026-09-27 04:44:13,2026-09-27
Kollam,8.8932,76.6141,2026-10-02,4.8,100,Forecast,2026-09-27 04:44:13,2026-09-27
Kollam,8.8932,76.6141,2026-10-03,3.0,98,Forecast,2026-09-27 04:44:13,2026-09-27
Pathanamthitta,9.2648,76.787,2026-09-20,28.2,100,Past,2026-09-27 04:44:13,2026-09-27
Pathanamthitta,9.2648,76.787,2026-09-21,13.6,100,Past,2026-09-27 04:44:13,2026-09-27
Pathanamthitta,9.2648,76.787,2026-09-22,11.7,100,Past,2026-09-27 04:44:13,2026-09-27
Pathanamthitta,9.2648,76.787,2026-09-23,7.2,100,Past,2026-09-27 04:44:13,2026-09-27
Pathanamthitta,9.2648,76.787,2026-09-24,3.1,100,Past,2026-09-27 04:44:13,2026-09-27
Pathanamthitta,9.2648,76.787,2026-09-25,5.6,84,Past,2026-09-27 04:44:13,2026-09-27
Pathanamthitta,9.2648,76.787,2026-09-26,0.8,61,Past,2026-09-27 04:44:13,2026-09-27
Pathanamthitta,9.2648,76.787,2026-09-27,1.1,79,Forecast,2026-09-27 04:44:13,2026-09-27
Pathanamthitta,9.2648,76.787,2026-09-28,3.9,74,Forecast,2026-09-27 04:44:13,2026-09-27
Pathanamthitta,9.2648,76.787,2026-09-29,6.6,94,Forecast,2026-09-27 04:44:13,2026-09-27
Pathanamthitta,9.2648,76.787,2026-09-30,3.9,66,Forecast,2026-09-27 04:44:13,2026-09-27
Pathanamthitta,9.2648,76.787,2026-10-01,3.0,99,Forecast,2026-09-27 04:44:13,2026-09-27
Pathanamthitta,9.2648,76.787,2026-10-02,9.9,100,Forecast,2026-09-27 04:44:13,2026-09-27
Pathanamthitta,9.2648,76.787,2026-10-03,11.4,100,Forecast,2026-09-27 04:44:13,2026-09-27
Alappuzha,9.4981,76.3388,2026-09-20,26.5,100,Past,2026-09-27 04:44:13,2026-09-27
Alappuzha,9.4981,76.3388,2026-09-21,17.6,100,Past,2026-09-27 04:44:13,2026-09-27
Alappuzha,9.4981,76.3388,2026-09-22,9.7,98,Past,2026-09-27 04:44:13,2026-09-27
Alappuzha,9.4981,76.3388,2026-09-23,4.0,92,Past,2026-09-27 04:44:13,2026-09-27
Alappuzha,9.4981,76.3388,2026-09-24,8.6,100,Past,2026-09-27 04:44:13,2026-09-27
Alappuzha,9.4981,76.3388,2026-09-25,0.3,87,Past,2026-09-27 04:44:13,2026-09-27
Alappuzha,9.4981,76.3388,2026-09-26,0.4,45,Past,2026-09-27 04:44:13,2026-09-27
Alappuzha,9.4981,76.3388,2026-09-27,1.2,73,Forecast,2026-09-27 04:44:13,2026-09-27
Alappuzha,9.4981,76.3388,2026-09-28,2.1,53,Forecast,2026-09-27 04:44:13,2026-09-27
Alappuzha,9.4981,76.3388,2026-09-29,4.6,71,Forecast,2026-09-27 04:44:13,2026-09-27
Alappuzha,9.4981,76.3388,2026-09-30,0.6,59,Forecast,2026-09-27 04:44:13,2026-09-27
Alappuzha,9.4981,76.3388,2026-10-01,0.6,85,Forecast,2026-09-27 04:44:13,2026-09-27
Alappuzha,9.4981,76.3388,2026-10-02,8.7,100,Forecast,2026-09-27 04:44:13,2026-09-27
Alappuzha,9.4981,76.3388,2026-10-03,2.4,96,Forecast,2026-09-27 04:44:13,2026-09-27
Kottayam,9.5916,76.5222,2026-09-20,27.2,100,Past,2026-09-27 04:44:13,2026-09-27
Kottayam,9.5916,76.5222,2026-09-21,18.9,100,Past,2026-09-27 04:44:13,2026-09-27
Kottayam,9.5916,76.5222,2026-09-22,5.4,98,Past,2026-09-27 04:44:13,2026-09-27
Kottayam,9.5916,76.5222,2026-09-23,3.6,92,Past,2026-09-27 04:44:13,2026-09-27
Kottayam,9.5916,76.5222,2026-09-24,3.5,100,Past,2026-09-27 04:44:13,2026-09-27
Kottayam,9.5916,76.5222,2026-09-25,1.9,87,Past,2026-09-27 04:44:13,2026-09-27
Kottayam,9.5916,76.5222,2026-09-26,0.7,45,Past,2026-09-27 04:44:13,2026-09-27
Kottayam,9.5916,76.5222,2026-09-27,1.0,73,Forecast,2026-09-27 04:44:13,2026-09-27
Kottayam,9.5916,76.5222,2026-09-28,1.0,53,Forecast,2026-09-27 04:44:13,2026-09-27
Kottayam,9.5916,76.5222,2026-09-29,2.9,71,Forecast,2026-09-27 04:44:13,2026-09-27
Kottayam,9.5916,76.5222,2026-09-30,1.3,59,Forecast,2026-09-27 04:44:13,2026-09-27
Kottayam,9.5916,76.5222,2026-10-01,2.1,85,Forecast,2026-09-27 04:44:13,2026-09-27
Kottayam,9.5916,76.5222,2026-10-02,13.8,100,Forecast,2026-09-27 04:44:13,2026-09-27
Kottayam,9.5916,76.5222,2026-10-03,7.8,96,Forecast,2026-09-27 04:44:13,2026-09-27
Idukki,9.85,76.94,2026-09-20,22.8,100,Past,2026-09-27 04:44:13,2026-09-27
Idukki,9.85,76.94,2026-09-21,7.6,100,Past,2026-09-27 04:44:13,2026-09-27
Idukki,9.85,76.94,2026-09-22,15.0,100,Past,2026-09-27 04:44:13,2026-09-27
Idukki,9.85,76.94,2026-09-23,12.2,100,Past,2026-09-27 04:44:13,2026-09-27
Idukki,9.85,76.94,2026-09-24,9.3,100,Past,2026-09-27 04:44:13,2026-09-27
Idukki,9.85,76.94,2026-09-25,5.1,98,Past,2026-09-27 04:44:13,2026-09-27
Idukki,9.85,76.94,2026-09-26,3.3,90,Past,2026-09-27 04:44:13,2026-09-27
Idukki,9.85,76.94,2026-09-27,1.3,75,Forecast,2026-09-27 04:44:13,2026-09-27
Idukki,9.85,76.94,2026-09-28,1.4,100,Forecast,2026-09-27 04:44:13,2026-09-27
Idukki,9.85,76.94,2026-09-29,5.1,100,Forecast,2026-09-27 04:44:13,2026-09-27
Idukki,9.85,76.94,2026-09-30,2.8,75,Forecast,2026-09-27 04:44:13,2026-09-27
Idukki,9.85,76.94,2026-10-01,12.9,100,Forecast,2026-09-27 04:44:13,2026-09-27
Idukki,9.85,76.94,2026-10-02,16.8,100,Forecast,2026-09-27 04:44:13,2026-09-27
Idukki,9.85,76.94,2026-10-03,6.6,100,Forecast,2026-09-27 04:44:13,2026-09-27
Ernakulam,9.9312,76.2673,2026-09-20,12.8,100,Past,2026-09-27 04:44:13,2026-09-27
Ernakulam,9.9312,76.2673,2026-09-21,23.1,100,Past,2026-09-27 04:44:13,2026-09-27
Ernakulam,9.9312,76.2673,2026-09-22,7.4,94,Past,2026-09-27 04:44:13,2026-09-27
Ernakulam,9.9312,76.2673,2026-09-23,1.8,82,Past,2026-09-27 04:44:13,2026-09-27
Ernakulam,9.9312,76.2673,2026-09-24,1.3,88,Past,2026-09-27 04:44:13,2026-09-27
Ernakulam,9.9312,76.2673,2026-09-25,0.2,84,Past,2026-09-27 04:44:13,2026-09-27
Ernakulam,9.9312,76.2673,2026-09-26,0.2,55,Past,2026-09-27 04:44:13,2026-09-27
Ernakulam,9.9312,76.2673,2026-09-27,1.9,73,Forecast,2026-09-27 04:44:13,2026-09-27
Ernakulam,9.9312,76.2673,2026-09-28,1.1,45,Forecast,2026-09-27 04:44:13,2026-09-27
Ernakulam,9.9312,76.2673,2026-09-29,3.5,53,Forecast,2026-09-27 04:44:13,2026-09-27
Ernakulam,9.9312,76.2673,2026-09-30,0.0,22,Forecast,2026-09-27 04:44:13,2026-09-27
Ernakulam,9.9312,76.2673,2026-10-01,0.6,37,Forecast,2026-09-27 04:44:13,2026-09-27
Ernakulam,9.9312,76.2673,2026-10-02,4.2,69,Forecast,2026-09-27 04:44:13,2026-09-27
Ernakulam,9.9312,76.2673,2026-10-03,2.4,57,Forecast,2026-09-27 04:44:13,2026-09-27
Thrissur,10.5276,76.2144,2026-09-20,18.9,100,Past,2026-09-27 04:44:13,2026-09-27
Thrissur,10.5276,76.2144,2026-09-21,31.5,100,Past,2026-09-27 04:44:13,2026-09-27
Thrissur,10.5276,76.2144,2026-09-22,2.5,92,Past,2026-09-27 04:44:13,2026-09-27
Thrissur,10.5276,76.2144,2026-09-23,3.1,76,Past,2026-09-27 04:44:13,2026-09-27
Thrissur,10.5276,76.2144,2026-09-24,0.9,43,Past,2026-09-27 04:44:13,2026-09-27
Thrissur,10.5276,76.2144,2026-09-25,4.0,74,Past,2026-09-27 04:44:13,2026-09-27
Thrissur,10.5276,76.2144,2026-09-26,0.8,49,Past,2026-09-27 04:44:13,2026-09-27
Thrissur,10.5276,76.2144,2026-09-27,0.9,51,Forecast,2026-09-27 04:44:13,2026-09-27
Thrissur,10.5276,76.2144,2026-09-28,0.6,78,Forecast,2026-09-27 04:44:13,2026-09-27
Thrissur,10.5276,76.2144,2026-09-29,3.2,82,Forecast,2026-09-27 04:44:13,2026-09-27
Thrissur,10.5276,76.2144,2026-09-30,1.1,75,Forecast,2026-09-27 04:44:13,2026-09-27
Thrissur,10.5276,76.2144,2026-10-01,2.1,94,Forecast,2026-09-27 04:44:13,2026-09-27
Thrissur,10.5276,76.2144,2026-10-02,5.7,94,Forecast,2026-09-27 04:44:13,2026-09-27
Thrissur,10.5276,76.2144,2026-10-03,1.8,92,Forecast,2026-09-27 04:44:13,2026-09-27
Palakkad,10.7867,76.6548,2026-09-20,20.2,100,Past,2026-09-27 04:44:13,2026-09-27
Palakkad,10.7867,76.6548,2026-09-21,17.8,100,Past,2026-09-27 04:44:13,2026-09-27
Palakkad,10.7867,76.6548,2026-09-22,3.1,86,Past,2026-09-27 04:44:13,2026-09-27
Palakkad,10.7867,76.6548,2026-09-23,3.0,84,Past,2026-09-27 04:44:13,2026-09-27
Palakkad,10.7867,76.6548,2026-09-24,1.6,86,Past,2026-09-27 04:44:13,2026-09-27
Palakkad,10.7867,76.6548,2026-09-25,16.1,92,Past,2026-09-27 04:44:13,2026-09-27
Palakkad,10.7867,76.6548,2026-09-26,1.7,53,Past,2026-09-27 04:44:13,2026-09-27
Palakkad,10.7867,76.6548,2026-09-27,0.0,32,Forecast,2026-09-27 04:44:13,2026-09-27
Palakkad,10.7867,76.6548,2026-09-28,1.0,45,Forecast,2026-09-27 04:44:13,2026-09-27
Palakkad,10.7867,76.6548,2026-09-29,4.2,93,Forecast,2026-09-27 04:44:13,2026-09-27
Palakkad,10.7867,76.6548,2026-09-30,0.9,57,Forecast,2026-09-27 04:44:13,2026-09-27
Palakkad,10.7867,76.6548,2026-10-01,9.9,81,Forecast,2026-09-27 04:44:13,2026-09-27
Palakkad,10.7867,76.6548,2026-10-02,1.5,92,Forecast,2026-09-27 04:44:13,2026-09-27
Palakkad,10.7867,76.6548,2026-10-03,2.4,75,Forecast,2026-09-27 04:44:13,2026-09-27
Malappuram,11.051,76.0711,2026-09-20,11.4,98,Past,2026-09-27 04:44:13,2026-09-27
Malappuram,11.051,76.0711,2026-09-21,22.6,100,Past,2026-09-27 04:44:13,2026-09-27
Malappuram,11.051,76.0711,2026-09-22,1.5,96,Past,2026-09-27 04:44:13,2026-09-27
Malappuram,11.051,76.0711,2026-09-23,1.5,73,Past,2026-09-27 04:44:13,2026-09-27
Malappuram,11.051,76.0711,2026-09-24,1.5,76,Past,2026-09-27 04:44:13,2026-09-27
Malappuram,11.051,76.0711,2026-09-25,19.9,86,Past,2026-09-27 04:44:13,2026-09-27
Malappuram,11.051,76.0711,2026-09-26,1.2,49,Past,2026-09-27 04:44:13,2026-09-27
Malappuram,11.051,76.0711,2026-09-27,0.1,46,Forecast,2026-09-27 04:44:13,2026-09-27
Malappuram,11.051,76.0711,2026-09-28,1.9,65,Forecast,2026-09-27 04:44:13,2026-09-27
Malappuram,11.051,76.0711,2026-09-29,1.0,88,Forecast,2026-09-27 04:44:13,2026-09-27
Malappuram,11.051,76.0711,2026-09-30,0.3,61,Forecast,2026-09-27 04:44:13,2026-09-27
Malappuram,11.051,76.0711,2026-10-01,0.6,75,Forecast,2026-09-27 04:44:13,2026-09-27
Malappuram,11.051,76.0711,2026-10-02,10.8,96,Forecast,2026-09-27 04:44:13,2026-09-27
Malappuram,11.051,76.0711,2026-10-03,0.6,92,Forecast,2026-09-27 04:44:13,2026-09-27
Kozhikode,11.2588,75.7804,2026-09-20,5.4,100,Past,2026-09-27 04:44:13,2026-09-27
Kozhikode,11.2588,75.7804,2026-09-21,5.7,100,Past,2026-09-27 04:44:13,2026-09-27
Kozhikode,11.2588,75.7804,2026-09-22,1.0,78,Past,2026-09-27 04:44:13,2026-09-27
Kozhikode,11.2588,75.7804,2026-09-23,1.9,76,Past,2026-09-27 04:44:13,2026-09-27
Kozhikode,11.2588,75.7804,2026-09-24,2.9,98,Past,2026-09-27 04:44:13,2026-09-27
Kozhikode,11.2588,75.7804,2026-09-25,14.3,100,Past,2026-09-27 04:44:13,2026-09-27
Kozhikode,11.2588,75.7804,2026-09-26,0.4,71,Past,2026-09-27 04:44:13,2026-09-27
Kozhikode,11.2588,75.7804,2026-09-27,0.0,24,Forecast,2026-09-27 04:44:13,2026-09-27
Kozhikode,11.2588,75.7804,2026-09-28,0.0,59,Forecast,2026-09-27 04:44:13,2026-09-27
Kozhikode,11.2588,75.7804,2026-09-29,0.9,84,Forecast,2026-09-27 04:44:13,2026-09-27
Kozhikode,11.2588,75.7804,2026-09-30,2.7,51,Forecast,2026-09-27 04:44:13,2026-09-27
Kozhikode,11.2588,75.7804,2026-10-01,0.3,91,Forecast,2026-09-27 04:44:13,2026-09-27
Kozhikode,11.2588,75.7804,2026-10-02,3.6,96,Forecast,2026-09-27 04:44:13,2026-09-27
Kozhikode,11.2588,75.7804,2026-10-03,1.2,94,Forecast,2026-09-27 04:44:13,2026-09-27
Wayanad,11.6103,76.083,2026-09-20,3.2,100,Past,2026-09-27 04:44:13,2026-09-27
Wayanad,11.6103,76.083,2026-09-21,4.5,100,Past,2026-09-27 04:44:13,2026-09-27
Wayanad,11.6103,76.083,2026-09-22,0.2,74,Past,2026-09-27 04:44:13,2026-09-27
Wayanad,11.6103,76.083,2026-09-23,0.2,69,Past,2026-09-27 04:44:13,2026-09-27
Wayanad,11.6103,76.083,2026-09-24,1.7,100,Past,2026-09-27 04:44:13,2026-09-27
Wayanad,11.6103,76.083,2026-09-25,18.7,100,Past,2026-09-27 04:44:13,2026-09-27
Wayanad,11.6103,76.083,2026-09-26,2.0,98,Past,2026-09-27 04:44:13,2026-09-27
Wayanad,11.6103,76.083,2026-09-27,0.6,63,Forecast,2026-09-27 04:44:13,2026-09-27
Wayanad,11.6103,76.083,2026-09-28,2.3,100,Forecast,2026-09-27 04:44:13,2026-09-27
Wayanad,11.6103,76.083,2026-09-29,1.8,100,Forecast,2026-09-27 04:44:13,2026-09-27
Wayanad,11.6103,76.083,2026-09-30,3.1,95,Forecast,2026-09-27 04:44:13,2026-09-27
Wayanad,11.6103,76.083,2026-10-01,5.4,100,Forecast,2026-09-27 04:44:13,2026-09-27
Wayanad,11.6103,76.083,2026-10-02,2.7,100,Forecast,2026-09-27 04:44:13,2026-09-27
Wayanad,11.6103,76.083,2026-10-03,1.8,100,Forecast,2026-09-27 04:44:13,2026-09-27
Kannur,11.8745,75.3704,2026-09-20,4.8,98,Past,2026-09-27 04:44:13,2026-09-27
Kannur,11.8745,75.3704,2026-09-21,12.8,98,Past,2026-09-27 04:44:13,2026-09-27
Kannur,11.8745,75.3704,2026-09-22,1.4,51,Past,2026-09-27 04:44:13,2026-09-27
Kannur,11.8745,75.3704,2026-09-23,0.9,55,Past,2026-09-27 04:44:13,2026-09-27
Kannur,11.8745,75.3704,2026-09-24,7.7,100,Past,2026-09-27 04:44:13,2026-09-27
Kannur,11.8745,75.3704,2026-09-25,25.6,100,Past,2026-09-27 04:44:13,2026-09-27
Kannur,11.8745,75.3704,2026-09-26,0.3,25,Past,2026-09-27 04:44:13,2026-09-27
Kannur,11.8745,75.3704,2026-09-27,0.0,19,Forecast,2026-09-27 04:44:13,2026-09-27
Kannur,11.8745,75.3704,2026-09-28,0.0,6,Forecast,2026-09-27 04:44:13,2026-09-27
Kannur,11.8745,75.3704,2026-09-29,0.2,20,Forecast,2026-09-27 04:44:13,2026-09-27
Kannur,11.8745,75.3704,2026-09-30,0.5,10,Forecast,2026-09-27 04:44:13,2026-09-27
Kannur,11.8745,75.3704,2026-10-01,0.0,59,Forecast,2026-09-27 04:44:13,2026-09-27
Kannur,11.8745,75.3704,2026-10-02,2.4,71,Forecast,2026-09-27 04:44:13,2026-09-27
Kannur,11.8745,75.3704,2026-10-03,1.8,69,Forecast,2026-09-27 04:44:13,2026-09-27
Kasaragod,12.4996,74.9869,2026-09-20,3.2,92,Past,2026-09-27 04:44:13,2026-09-27
Kasaragod,12.4996,74.9869,2026-09-21,4.9,96,Past,2026-09-27 04:44:13,2026-09-27
Kasaragod,12.4996,74.9869,2026-09-22,1.1,18,Past,2026-09-27 04:44:13,2026-09-27
Kasaragod,12.4996,74.9869,2026-09-23,2.1,38,Past,2026-09-27 04:44:13,2026-09-27
Kasaragod,12.4996,74.9869,2026-09-24,8.2,100,Past,2026-09-27 04:44:13,2026-09-27
Kasaragod,12.4996,74.9869,2026-09-25,13.2,100,Past,2026-09-27 04:44:13,2026-09-27
Kasaragod,12.4996,74.9869,2026-09-26,1.1,51,Past,2026-09-27 04:44:13,2026-09-27
Kasaragod,12.4996,74.9869,2026-09-27,0.0,2,Forecast,2026-09-27 04:44:13,2026-09-27
Kasaragod,12.4996,74.9869,2026-09-28,0.0,4,Forecast,2026-09-27 04:44:13,2026-09-27
Kasaragod,12.4996,74.9869,2026-09-29,0.4,18,Forecast,2026-09-27 04:44:13,2026-09-27
Kasaragod,12.4996,74.9869,2026-09-30,0.1,4,Forecast,2026-09-27 04:44:13,2026-09-27
Kasaragod,12.4996,74.9869,2026-10-01,0.0,32,Forecast,2026-09-27 04:44:13,2026-09-27
Kasaragod,12.4996,74.9869,2026-10-02,3.0,55,Forecast,2026-09-27 04:44:13,2026-09-27
Kasaragod,12.4996,74.9869,2026-10-03,4.2,55,Forecast,2026-09-27 04:44:13,2026-09-27
Thiruvananthapuram,8.5241,76.9366,2026-09-20,12.2,100,Past,2026-09-28 00:16:14,2026-09-28
Thiruvananthapuram,8.5241,76.9366,2026-09-21,8.8,100,Past,2026-09-28 00:16:14,2026-09-28
Thiruvananthapuram,8.5241,76.9366,2026-09-22,6.2,90,Past,2026-09-28 00:16:14,2026-09-28
Thiruvananthapuram,8.5241,76.9366,2026-09-23,4.9,92,Past,2026-09-28 00:16:14,2026-09-28
Thiruvananthapuram,8.5241,76.9366,2026-09-24,10.1,100,Past,2026-09-28 00:16:14,2026-09-28
Thiruvananthapuram,8.5241,76.9366,2026-09-25,4.2,94,Past,2026-09-28 00:16:14,2026-09-28
Thiruvananthapuram,8.5241,76.9366,2026-09-26,0.3,32,Past,2026-09-28 00:16:14,2026-09-28
Thiruvananthapuram,8.5241,76.9366,2026-09-27,0.5,69,Past,2026-09-28 00:16:14,2026-09-28
Thiruvananthapuram,8.5241,76.9366,2026-09-28,0.4,61,Forecast,2026-09-28 00:16:14,2026-09-28
Thiruvananthapuram,8.5241,76.9366,2026-09-29,0.4,73,Forecast,2026-09-28 00:16:14,2026-09-28
Thiruvananthapuram,8.5241,76.9366,2026-09-30,0.9,71,Forecast,2026-09-28 00:16:14,2026-09-28
Thiruvananthapuram,8.5241,76.9366,2026-10-01,11.7,94,Forecast,2026-09-28 00:16:14,2026-09-28
Thiruvananthapuram,8.5241,76.9366,2026-10-02,5.4,100,Forecast,2026-09-28 00:16:14,2026-09-28
Thiruvananthapuram,8.5241,76.9366,2026-10-03,7.5,100,Forecast,2026-09-28 00:16:14,2026-09-28
Kollam,8.8932,76.6141,2026-09-20,17.8,100,Past,2026-09-28 00:16:14,2026-09-28
Kollam,8.8932,76.6141,2026-09-21,13.2,100,Past,2026-09-28 00:16:14,2026-09-28
Kollam,8.8932,76.6141,2026-09-22,5.3,97,Past,2026-09-28 00:16:14,2026-09-28
Kollam,8.8932,76.6141,2026-09-23,4.0,94,Past,2026-09-28 00:16:14,2026-09-28
Kollam,8.8932,76.6141,2026-09-24,8.5,100,Past,2026-09-28 00:16:14,2026-09-28
Kollam,8.8932,76.6141,2026-09-25,1.9,90,Past,2026-09-28 00:16:14,2026-09-28
Kollam,8.8932,76.6141,2026-09-26,0.1,55,Past,2026-09-28 00:16:14,2026-09-28
Kollam,8.8932,76.6141,2026-09-27,0.4,69,Past,2026-09-28 00:16:14,2026-09-28
Kollam,8.8932,76.6141,2026-09-28,0.3,61,Forecast,2026-09-28 00:16:14,2026-09-28
Kollam,8.8932,76.6141,2026-09-29,1.3,82,Forecast,2026-09-28 00:16:14,2026-09-28
Kollam,8.8932,76.6141,2026-09-30,1.1,80,Forecast,2026-09-28 00:16:14,2026-09-28
Kollam,8.8932,76.6141,2026-10-01,3.9,85,Forecast,2026-09-28 00:16:14,2026-09-28
Kollam,8.8932,76.6141,2026-10-02,3.3,100,Forecast,2026-09-28 00:16:14,2026-09-28
Kollam,8.8932,76.6141,2026-10-03,3.0,100,Forecast,2026-09-28 00:16:14,2026-09-28
Pathanamthitta,9.2648,76.787,2026-09-20,28.2,100,Past,2026-09-28 00:16:14,2026-09-28
Pathanamthitta,9.2648,76.787,2026-09-21,13.6,100,Past,2026-09-28 00:16:14,2026-09-28
Pathanamthitta,9.2648,76.787,2026-09-22,11.7,100,Past,2026-09-28 00:16:14,2026-09-28
Pathanamthitta,9.2648,76.787,2026-09-23,7.2,100,Past,2026-09-28 00:16:14,2026-09-28
Pathanamthitta,9.2648,76.787,2026-09-24,3.1,100,Past,2026-09-28 00:16:14,2026-09-28
Pathanamthitta,9.2648,76.787,2026-09-25,5.6,84,Past,2026-09-28 00:16:14,2026-09-28
Pathanamthitta,9.2648,76.787,2026-09-26,0.8,61,Past,2026-09-28 00:16:14,2026-09-28
Pathanamthitta,9.2648,76.787,2026-09-27,0.8,57,Past,2026-09-28 00:16:14,2026-09-28
Pathanamthitta,9.2648,76.787,2026-09-28,2.0,76,Forecast,2026-09-28 00:16:14,2026-09-28
Pathanamthitta,9.2648,76.787,2026-09-29,3.1,90,Forecast,2026-09-28 00:16:14,2026-09-28
Pathanamthitta,9.2648,76.787,2026-09-30,1.9,81,Forecast,2026-09-28 00:16:14,2026-09-28
Pathanamthitta,9.2648,76.787,2026-10-01,5.1,90,Forecast,2026-09-28 00:16:14,2026-09-28
Pathanamthitta,9.2648,76.787,2026-10-02,5.7,100,Forecast,2026-09-28 00:16:14,2026-09-28
Pathanamthitta,9.2648,76.787,2026-10-03,12.3,100,Forecast,2026-09-28 00:16:14,2026-09-28
Alappuzha,9.4981,76.3388,2026-09-20,26.5,100,Past,2026-09-28 00:16:14,2026-09-28
Alappuzha,9.4981,76.3388,2026-09-21,17.6,100,Past,2026-09-28 00:16:14,2026-09-28
Alappuzha,9.4981,76.3388,2026-09-22,9.7,98,Past,2026-09-28 00:16:14,2026-09-28
Alappuzha,9.4981,76.3388,2026-09-23,4.0,92,Past,2026-09-28 00:16:14,2026-09-28
Alappuzha,9.4981,76.3388,2026-09-24,8.6,100,Past,2026-09-28 00:16:14,2026-09-28
Alappuzha,9.4981,76.3388,2026-09-25,0.3,87,Past,2026-09-28 00:16:14,2026-09-28
Alappuzha,9.4981,76.3388,2026-09-26,0.4,45,Past,2026-09-28 00:16:14,2026-09-28
Alappuzha,9.4981,76.3388,2026-09-27,0.0,33,Past,2026-09-28 00:16:14,2026-09-28
Alappuzha,9.4981,76.3388,2026-09-28,0.4,41,Forecast,2026-09-28 00:16:14,2026-09-28
Alappuzha,9.4981,76.3388,2026-09-29,1.2,65,Forecast,2026-09-28 00:16:14,2026-09-28
Alappuzha,9.4981,76.3388,2026-09-30,2.2,74,Forecast,2026-09-28 00:16:14,2026-09-28
Alappuzha,9.4981,76.3388,2026-10-01,2.1,84,Forecast,2026-09-28 00:16:14,2026-09-28
Alappuzha,9.4981,76.3388,2026-10-02,3.9,100,Forecast,2026-09-28 00:16:14,2026-09-28
Alappuzha,9.4981,76.3388,2026-10-03,1.8,100,Forecast,2026-09-28 00:16:14,2026-09-28
Kottayam,9.5916,76.5222,2026-09-20,27.2,100,Past,2026-09-28 00:16:14,2026-09-28
Kottayam,9.5916,76.5222,2026-09-21,18.9,100,Past,2026-09-28 00:16:14,2026-09-28
Kottayam,9.5916,76.5222,2026-09-22,5.4,98,Past,2026-09-28 00:16:14,2026-09-28
Kottayam,9.5916,76.5222,2026-09-23,3.6,92,Past,2026-09-28 00:16:14,2026-09-28
Kottayam,9.5916,76.5222,2026-09-24,3.5,100,Past,2026-09-28 00:16:14,2026-09-28
Kottayam,9.5916,76.5222,2026-09-25,1.9,87,Past,2026-09-28 00:16:14,2026-09-28
Kottayam,9.5916,76.5222,2026-09-26,0.7,45,Past,2026-09-28 00:16:14,2026-09-28
Kottayam,9.5916,76.5222,2026-09-27,0.7,33,Past,2026-09-28 00:16:14,2026-09-28
Kottayam,9.5916,76.5222,2026-09-28,2.4,41,Forecast,2026-09-28 00:16:14,2026-09-28
Kottayam,9.5916,76.5222,2026-09-29,1.2,65,Forecast,2026-09-28 00:16:14,2026-09-28
Kottayam,9.5916,76.5222,2026-09-30,2.5,74,Forecast,2026-09-28 00:16:14,2026-09-28
Kottayam,9.5916,76.5222,2026-10-01,4.8,84,Forecast,2026-09-28 00:16:14,2026-09-28
Kottayam,9.5916,76.5222,2026-10-02,9.9,100,Forecast,2026-09-28 00:16:14,2026-09-28
Kottayam,9.5916,76.5222,2026-10-03,4.8,100,Forecast,2026-09-28 00:16:14,2026-09-28
Idukki,9.85,76.94,2026-09-20,22.8,100,Past,2026-09-28 00:16:14,2026-09-28
Idukki,9.85,76.94,2026-09-21,7.6,100,Past,2026-09-28 00:16:14,2026-09-28
Idukki,9.85,76.94,2026-09-22,15.0,100,Past,2026-09-28 00:16:14,2026-09-28
Idukki,9.85,76.94,2026-09-23,12.2,100,Past,2026-09-28 00:16:14,2026-09-28
Idukki,9.85,76.94,2026-09-24,9.3,100,Past,2026-09-28 00:16:14,2026-09-28
Idukki,9.85,76.94,2026-09-25,5.1,98,Past,2026-09-28 00:16:14,2026-09-28
Idukki,9.85,76.94,2026-09-26,3.3,90,Past,2026-09-28 00:16:14,2026-09-28
Idukki,9.85,76.94,2026-09-27,0.5,17,Past,2026-09-28 00:16:14,2026-09-28
Idukki,9.85,76.94,2026-09-28,0.7,92,Forecast,2026-09-28 00:16:14,2026-09-28
Idukki,9.85,76.94,2026-09-29,1.6,85,Forecast,2026-09-28 00:16:14,2026-09-28
Idukki,9.85,76.94,2026-09-30,4.6,89,Forecast,2026-09-28 00:16:14,2026-09-28
Idukki,9.85,76.94,2026-10-01,17.4,100,Forecast,2026-09-28 00:16:14,2026-09-28
Idukki,9.85,76.94,2026-10-02,9.6,100,Forecast,2026-09-28 00:16:14,2026-09-28
Idukki,9.85,76.94,2026-10-03,8.1,100,Forecast,2026-09-28 00:16:14,2026-09-28
Ernakulam,9.9312,76.2673,2026-09-20,12.8,100,Past,2026-09-28 00:16:14,2026-09-28
Ernakulam,9.9312,76.2673,2026-09-21,23.1,100,Past,2026-09-28 00:16:14,2026-09-28
Ernakulam,9.9312,76.2673,2026-09-22,7.4,94,Past,2026-09-28 00:16:14,2026-09-28
Ernakulam,9.9312,76.2673,2026-09-23,1.8,82,Past,2026-09-28 00:16:14,2026-09-28
Ernakulam,9.9312,76.2673,2026-09-24,1.3,88,Past,2026-09-28 00:16:14,2026-09-28
Ernakulam,9.9312,76.2673,2026-09-25,0.2,84,Past,2026-09-28 00:16:14,2026-09-28
Ernakulam,9.9312,76.2673,2026-09-26,0.2,27,Past,2026-09-28 00:16:14,2026-09-28
Ernakulam,9.9312,76.2673,2026-09-27,0.0,25,Past,2026-09-28 00:16:14,2026-09-28
Ernakulam,9.9312,76.2673,2026-09-28,0.5,35,Forecast,2026-09-28 00:16:14,2026-09-28
Ernakulam,9.9312,76.2673,2026-09-29,1.0,35,Forecast,2026-09-28 00:16:14,2026-09-28
Ernakulam,9.9312,76.2673,2026-09-30,1.1,40,Forecast,2026-09-28 00:16:14,2026-09-28
Ernakulam,9.9312,76.2673,2026-10-01,2.7,40,Forecast,2026-09-28 00:16:14,2026-09-28
Ernakulam,9.9312,76.2673,2026-10-02,3.3,90,Forecast,2026-09-28 00:16:14,2026-09-28
Ernakulam,9.9312,76.2673,2026-10-03,1.2,72,Forecast,2026-09-28 00:16:14,2026-09-28
Thrissur,10.5276,76.2144,2026-09-20,18.9,100,Past,2026-09-28 00:16:14,2026-09-28
Thrissur,10.5276,76.2144,2026-09-21,31.5,100,Past,2026-09-28 00:16:14,2026-09-28
Thrissur,10.5276,76.2144,2026-09-22,2.5,92,Past,2026-09-28 00:16:14,2026-09-28
Thrissur,10.5276,76.2144,2026-09-23,3.1,76,Past,2026-09-28 00:16:14,2026-09-28
Thrissur,10.5276,76.2144,2026-09-24,0.9,43,Past,2026-09-28 00:16:14,2026-09-28
Thrissur,10.5276,76.2144,2026-09-25,4.0,74,Past,2026-09-28 00:16:14,2026-09-28
Thrissur,10.5276,76.2144,2026-09-26,0.8,49,Past,2026-09-28 00:16:14,2026-09-28
Thrissur,10.5276,76.2144,2026-09-27,1.0,28,Past,2026-09-28 00:16:14,2026-09-28
Thrissur,10.5276,76.2144,2026-09-28,0.4,61,Forecast,2026-09-28 00:16:14,2026-09-28
Thrissur,10.5276,76.2144,2026-09-29,0.8,71,Forecast,2026-09-28 00:16:14,2026-09-28
Thrissur,10.5276,76.2144,2026-09-30,1.9,76,Forecast,2026-09-28 00:16:14,2026-09-28
Thrissur,10.5276,76.2144,2026-10-01,8.0,90,Forecast,2026-09-28 00:16:14,2026-09-28
Thrissur,10.5276,76.2144,2026-10-02,6.3,100,Forecast,2026-09-28 00:16:14,2026-09-28
Thrissur,10.5276,76.2144,2026-10-03,2.1,98,Forecast,2026-09-28 00:16:14,2026-09-28
Palakkad,10.7867,76.6548,2026-09-20,20.2,100,Past,2026-09-28 00:16:14,2026-09-28
Palakkad,10.7867,76.6548,2026-09-21,17.8,100,Past,2026-09-28 00:16:14,2026-09-28
Palakkad,10.7867,76.6548,2026-09-22,3.1,86,Past,2026-09-28 00:16:14,2026-09-28
Palakkad,10.7867,76.6548,2026-09-23,3.0,84,Past,2026-09-28 00:16:14,2026-09-28
Palakkad,10.7867,76.6548,2026-09-24,1.6,86,Past,2026-09-28 00:16:14,2026-09-28
Palakkad,10.7867,76.6548,2026-09-25,16.1,92,Past,2026-09-28 00:16:14,2026-09-28
Palakkad,10.7867,76.6548,2026-09-26,1.7,53,Past,2026-09-28 00:16:14,2026-09-28
Palakkad,10.7867,76.6548,2026-09-27,0.0,2,Past,2026-09-28 00:16:14,2026-09-28
Palakkad,10.7867,76.6548,2026-09-28,0.1,33,Forecast,2026-09-28 00:16:14,2026-09-28
Palakkad,10.7867,76.6548,2026-09-29,1.2,55,Forecast,2026-09-28 00:16:14,2026-09-28
Palakkad,10.7867,76.6548,2026-09-30,2.1,57,Forecast,2026-09-28 00:16:14,2026-09-28
Palakkad,10.7867,76.6548,2026-10-01,14.2,76,Forecast,2026-09-28 00:16:14,2026-09-28
Palakkad,10.7867,76.6548,2026-10-02,3.6,100,Forecast,2026-09-28 00:16:14,2026-09-28
Palakkad,10.7867,76.6548,2026-10-03,2.4,88,Forecast,2026-09-28 00:16:14,2026-09-28
Malappuram,11.051,76.0711,2026-09-20,11.4,98,Past,2026-09-28 00:16:14,2026-09-28
Malappuram,11.051,76.0711,2026-09-21,22.6,100,Past,2026-09-28 00:16:14,2026-09-28
Malappuram,11.051,76.0711,2026-09-22,1.5,96,Past,2026-09-28 00:16:14,2026-09-28
Malappuram,11.051,76.0711,2026-09-23,1.5,73,Past,2026-09-28 00:16:14,2026-09-28
Malappuram,11.051,76.0711,2026-09-24,1.5,76,Past,2026-09-28 00:16:14,2026-09-28
Malappuram,11.051,76.0711,2026-09-25,19.9,86,Past,2026-09-28 00:16:14,2026-09-28
Malappuram,11.051,76.0711,2026-09-26,1.2,49,Past,2026-09-28 00:16:14,2026-09-28
Malappuram,11.051,76.0711,2026-09-27,0.0,3,Past,2026-09-28 00:16:14,2026-09-28
Malappuram,11.051,76.0711,2026-09-28,0.0,39,Forecast,2026-09-28 00:16:14,2026-09-28
Malappuram,11.051,76.0711,2026-09-29,0.6,73,Forecast,2026-09-28 00:16:14,2026-09-28
Malappuram,11.051,76.0711,2026-09-30,2.9,75,Forecast,2026-09-28 00:16:14,2026-09-28
Malappuram,11.051,76.0711,2026-10-01,1.5,82,Forecast,2026-09-28 00:16:14,2026-09-28
Malappuram,11.051,76.0711,2026-10-02,7.5,100,Forecast,2026-09-28 00:16:14,2026-09-28
Malappuram,11.051,76.0711,2026-10-03,4.5,98,Forecast,2026-09-28 00:16:14,2026-09-28
Kozhikode,11.2588,75.7804,2026-09-20,5.4,100,Past,2026-09-28 00:16:14,2026-09-28
Kozhikode,11.2588,75.7804,2026-09-21,5.7,100,Past,2026-09-28 00:16:14,2026-09-28
Kozhikode,11.2588,75.7804,2026-09-22,1.0,78,Past,2026-09-28 00:16:14,2026-09-28
Kozhikode,11.2588,75.7804,2026-09-23,1.9,76,Past,2026-09-28 00:16:14,2026-09-28
Kozhikode,11.2588,75.7804,2026-09-24,2.9,98,Past,2026-09-28 00:16:14,2026-09-28
Kozhikode,11.2588,75.7804,2026-09-25,14.3,100,Past,2026-09-28 00:16:14,2026-09-28
Kozhikode,11.2588,75.7804,2026-09-26,0.4,71,Past,2026-09-28 00:16:14,2026-09-28
Kozhikode,11.2588,75.7804,2026-09-27,0.0,6,Past,2026-09-28 00:16:14,2026-09-28
Kozhikode,11.2588,75.7804,2026-09-28,0.0,31,Forecast,2026-09-28 00:16:14,2026-09-28
Kozhikode,11.2588,75.7804,2026-09-29,0.0,49,Forecast,2026-09-28 00:16:14,2026-09-28
Kozhikode,11.2588,75.7804,2026-09-30,0.6,55,Forecast,2026-09-28 00:16:14,2026-09-28
Kozhikode,11.2588,75.7804,2026-10-01,0.9,88,Forecast,2026-09-28 00:16:14,2026-09-28
Kozhikode,11.2588,75.7804,2026-10-02,3.3,100,Forecast,2026-09-28 00:16:14,2026-09-28
Kozhikode,11.2588,75.7804,2026-10-03,1.2,96,Forecast,2026-09-28 00:16:14,2026-09-28
Wayanad,11.6103,76.083,2026-09-20,3.2,100,Past,2026-09-28 00:16:14,2026-09-28
Wayanad,11.6103,76.083,2026-09-21,4.5,100,Past,2026-09-28 00:16:14,2026-09-28
Wayanad,11.6103,76.083,2026-09-22,0.2,74,Past,2026-09-28 00:16:14,2026-09-28
Wayanad,11.6103,76.083,2026-09-23,0.2,69,Past,2026-09-28 00:16:14,2026-09-28
Wayanad,11.6103,76.083,2026-09-24,1.7,100,Past,2026-09-28 00:16:14,2026-09-28
Wayanad,11.6103,76.083,2026-09-25,18.7,100,Past,2026-09-28 00:16:14,2026-09-28
Wayanad,11.6103,76.083,2026-09-26,2.0,98,Past,2026-09-28 00:16:14,2026-09-28
Wayanad,11.6103,76.083,2026-09-27,0.0,65,Past,2026-09-28 00:16:14,2026-09-28
Wayanad,11.6103,76.083,2026-09-28,1.4,72,Forecast,2026-09-28 00:16:14,2026-09-28
Wayanad,11.6103,76.083,2026-09-29,3.7,78,Forecast,2026-09-28 00:16:14,2026-09-28
Wayanad,11.6103,76.083,2026-09-30,0.8,91,Forecast,2026-09-28 00:16:14,2026-09-28
Wayanad,11.6103,76.083,2026-10-01,2.1,100,Forecast,2026-09-28 00:16:14,2026-09-28
Wayanad,11.6103,76.083,2026-10-02,4.2,100,Forecast,2026-09-28 00:16:14,2026-09-28
Wayanad,11.6103,76.083,2026-10-03,2.4,100,Forecast,2026-09-28 00:16:14,2026-09-28
Kannur,11.8745,75.3704,2026-09-20,4.8,98,Past,2026-09-28 00:16:14,2026-09-28
Kannur,11.8745,75.3704,2026-09-21,12.8,98,Past,2026-09-28 00:16:14,2026-09-28
Kannur,11.8745,75.3704,2026-09-22,1.4,51,Past,2026-09-28 00:16:14,2026-09-28
Kannur,11.8745,75.3704,2026-09-23,0.9,55,Past,2026-09-28 00:16:14,2026-09-28
Kannur,11.8745,75.3704,2026-09-24,7.7,100,Past,2026-09-28 00:16:14,2026-09-28
Kannur,11.8745,75.3704,2026-09-25,25.6,100,Past,2026-09-28 00:16:14,2026-09-28
Kannur,11.8745,75.3704,2026-09-26,0.3,25,Past,2026-09-28 00:16:14,2026-09-28
Kannur,11.8745,75.3704,2026-09-27,0.0,8,Past,2026-09-28 00:16:14,2026-09-28
Kannur,11.8745,75.3704,2026-09-28,0.0,2,Forecast,2026-09-28 00:16:14,2026-09-28
Kannur,11.8745,75.3704,2026-09-29,0.0,10,Forecast,2026-09-28 00:16:14,2026-09-28
Kannur,11.8745,75.3704,2026-09-30,0.2,10,Forecast,2026-09-28 00:16:14,2026-09-28
Kannur,11.8745,75.3704,2026-10-01,0.9,50,Forecast,2026-09-28 00:16:14,2026-09-28
Kannur,11.8745,75.3704,2026-10-02,3.9,89,Forecast,2026-09-28 00:16:14,2026-09-28
Kannur,11.8745,75.3704,2026-10-03,2.7,82,Forecast,2026-09-28 00:16:14,2026-09-28
Kasaragod,12.4996,74.9869,2026-09-20,3.2,92,Past,2026-09-28 00:16:14,2026-09-28
Kasaragod,12.4996,74.9869,2026-09-21,4.9,96,Past,2026-09-28 00:16:14,2026-09-28
Kasaragod,12.4996,74.9869,2026-09-22,1.1,18,Past,2026-09-28 00:16:14,2026-09-28
Kasaragod,12.4996,74.9869,2026-09-23,2.1,38,Past,2026-09-28 00:16:14,2026-09-28
Kasaragod,12.4996,74.9869,2026-09-24,8.2,100,Past,2026-09-28 00:16:14,2026-09-28
Kasaragod,12.4996,74.9869,2026-09-25,13.2,100,Past,2026-09-28 00:16:14,2026-09-28
Kasaragod,12.4996,74.9869,2026-09-26,1.1,51,Past,2026-09-28 00:16:14,2026-09-28
Kasaragod,12.4996,74.9869,2026-09-27,0.0,2,Past,2026-09-28 00:16:14,2026-09-28
Kasaragod,12.4996,74.9869,2026-09-28,0.0,2,Forecast,2026-09-28 00:16:14,2026-09-28
Kasaragod,12.4996,74.9869,2026-09-29,0.0,8,Forecast,2026-09-28 00:16:14,2026-09-28
Kasaragod,12.4996,74.9869,2026-09-30,0.0,8,Forecast,2026-09-28 00:16:14,2026-09-28
Kasaragod,12.4996,74.9869,2026-10-01,0.0,31,Forecast,2026-09-28 00:16:14,2026-09-28
Kasaragod,12.4996,74.9869,2026-10-02,3.0,78,Forecast,2026-09-28 00:16:14,2026-09-28
Kasaragod,12.4996,74.9869,2026-10-03,3.0,71,Forecast,2026-09-28 00:16:14,2026-09-28
Thiruvananthapuram,8.5241,76.9366,2026-09-21,8.8,100,Past,2026-09-29 00:24:41,2026-09-29
Thiruvananthapuram,8.5241,76.9366,2026-09-22,6.2,90,Past,2026-09-29 00:24:41,2026-09-29
Thiruvananthapuram,8.5241,76.9366,2026-09-23,4.9,92,Past,2026-09-29 00:24:41,2026-09-29
Thiruvananthapuram,8.5241,76.9366,2026-09-24,10.1,100,Past,2026-09-29 00:24:41,2026-09-29
Thiruvananthapuram,8.5241,76.9366,2026-09-25,4.2,94,Past,2026-09-29 00:24:41,2026-09-29
Thiruvananthapuram,8.5241,76.9366,2026-09-26,0.3,32,Past,2026-09-29 00:24:41,2026-09-29
Thiruvananthapuram,8.5241,76.9366,2026-09-27,0.5,69,Past,2026-09-29 00:24:41,2026-09-29
Thiruvananthapuram,8.5241,76.9366,2026-09-28,0.6,38,Past,2026-09-29 00:24:41,2026-09-29
Thiruvananthapuram,8.5241,76.9366,2026-09-29,0.4,43,Forecast,2026-09-29 00:24:41,2026-09-29
Thiruvananthapuram,8.5241,76.9366,2026-09-30,1.1,96,Forecast,2026-09-29 00:24:41,2026-09-29
Thiruvananthapuram,8.5241,76.9366,2026-10-01,0.1,97,Forecast,2026-09-29 00:24:41,2026-09-29
Thiruvananthapuram,8.5241,76.9366,2026-10-02,3.3,100,Forecast,2026-09-29 00:24:41,2026-09-29
Thiruvananthapuram,8.5241,76.9366,2026-10-03,9.6,100,Forecast,2026-09-29 00:24:41,2026-09-29
Thiruvananthapuram,8.5241,76.9366,2026-10-04,4.2,88,Forecast,2026-09-29 00:24:41,2026-09-29
Kollam,8.8932,76.6141,2026-09-21,13.2,100,Past,2026-09-29 00:24:41,2026-09-29
Kollam,8.8932,76.6141,2026-09-22,5.3,97,Past,2026-09-29 00:24:41,2026-09-29
Kollam,8.8932,76.6141,2026-09-23,4.0,94,Past,2026-09-29 00:24:41,2026-09-29
Kollam,8.8932,76.6141,2026-09-24,8.5,100,Past,2026-09-29 00:24:41,2026-09-29
Kollam,8.8932,76.6141,2026-09-25,1.9,90,Past,2026-09-29 00:24:41,2026-09-29
Kollam,8.8932,76.6141,2026-09-26,0.1,55,Past,2026-09-29 00:24:41,2026-09-29
Kollam,8.8932,76.6141,2026-09-27,0.4,69,Past,2026-09-29 00:24:41,2026-09-29
Kollam,8.8932,76.6141,2026-09-28,0.6,50,Past,2026-09-29 00:24:41,2026-09-29
Kollam,8.8932,76.6141,2026-09-29,0.4,63,Forecast,2026-09-29 00:24:41,2026-09-29
Kollam,8.8932,76.6141,2026-09-30,1.4,80,Forecast,2026-09-29 00:24:41,2026-09-29
Kollam,8.8932,76.6141,2026-10-01,0.0,84,Forecast,2026-09-29 00:24:41,2026-09-29
Kollam,8.8932,76.6141,2026-10-02,1.8,100,Forecast,2026-09-29 00:24:41,2026-09-29
Kollam,8.8932,76.6141,2026-10-03,3.3,100,Forecast,2026-09-29 00:24:41,2026-09-29
Kollam,8.8932,76.6141,2026-10-04,2.7,94,Forecast,2026-09-29 00:24:41,2026-09-29
Pathanamthitta,9.2648,76.787,2026-09-21,13.6,100,Past,2026-09-29 00:24:41,2026-09-29
Pathanamthitta,9.2648,76.787,2026-09-22,11.7,100,Past,2026-09-29 00:24:41,2026-09-29
Pathanamthitta,9.2648,76.787,2026-09-23,7.2,100,Past,2026-09-29 00:24:41,2026-09-29
Pathanamthitta,9.2648,76.787,2026-09-24,3.1,100,Past,2026-09-29 00:24:41,2026-09-29
Pathanamthitta,9.2648,76.787,2026-09-25,5.6,84,Past,2026-09-29 00:24:41,2026-09-29
Pathanamthitta,9.2648,76.787,2026-09-26,0.8,61,Past,2026-09-29 00:24:41,2026-09-29
Pathanamthitta,9.2648,76.787,2026-09-27,0.8,57,Past,2026-09-29 00:24:41,2026-09-29
Pathanamthitta,9.2648,76.787,2026-09-28,1.0,31,Past,2026-09-29 00:24:41,2026-09-29
Pathanamthitta,9.2648,76.787,2026-09-29,1.2,75,Forecast,2026-09-29 00:24:41,2026-09-29
Pathanamthitta,9.2648,76.787,2026-09-30,1.8,87,Forecast,2026-09-29 00:24:41,2026-09-29
Pathanamthitta,9.2648,76.787,2026-10-01,0.6,90,Forecast,2026-09-29 00:24:41,2026-09-29
Pathanamthitta,9.2648,76.787,2026-10-02,9.3,100,Forecast,2026-09-29 00:24:41,2026-09-29
Pathanamthitta,9.2648,76.787,2026-10-03,10.5,100,Forecast,2026-09-29 00:24:41,2026-09-29
Pathanamthitta,9.2648,76.787,2026-10-04,7.8,98,Forecast,2026-09-29 00:24:41,2026-09-29
Alappuzha,9.4981,76.3388,2026-09-21,17.6,100,Past,2026-09-29 00:24:41,2026-09-29
Alappuzha,9.4981,76.3388,2026-09-22,9.7,98,Past,2026-09-29 00:24:41,2026-09-29
Alappuzha,9.4981,76.3388,2026-09-23,4.0,92,Past,2026-09-29 00:24:41,2026-09-29
Alappuzha,9.4981,76.3388,2026-09-24,8.6,100,Past,2026-09-29 00:24:41,2026-09-29
Alappuzha,9.4981,76.3388,2026-09-25,0.3,87,Past,2026-09-29 00:24:41,2026-09-29
Alappuzha,9.4981,76.3388,2026-09-26,0.4,45,Past,2026-09-29 00:24:41,2026-09-29
Alappuzha,9.4981,76.3388,2026-09-27,0.0,33,Past,2026-09-29 00:24:41,2026-09-29
Alappuzha,9.4981,76.3388,2026-09-28,0.9,41,Past,2026-09-29 00:24:41,2026-09-29
Alappuzha,9.4981,76.3388,2026-09-29,1.1,44,Forecast,2026-09-29 00:24:41,2026-09-29
Alappuzha,9.4981,76.3388,2026-09-30,2.0,67,Forecast,2026-09-29 00:24:41,2026-09-29
Alappuzha,9.4981,76.3388,2026-10-01,0.1,76,Forecast,2026-09-29 00:24:41,2026-09-29
Alappuzha,9.4981,76.3388,2026-10-02,2.4,100,Forecast,2026-09-29 00:24:41,2026-09-29
Alappuzha,9.4981,76.3388,2026-10-03,3.9,100,Forecast,2026-09-29 00:24:41,2026-09-29
Alappuzha,9.4981,76.3388,2026-10-04,3.6,94,Forecast,2026-09-29 00:24:41,2026-09-29
Kottayam,9.5916,76.5222,2026-09-21,18.9,100,Past,2026-09-29 00:24:41,2026-09-29
Kottayam,9.5916,76.5222,2026-09-22,5.4,98,Past,2026-09-29 00:24:41,2026-09-29
Kottayam,9.5916,76.5222,2026-09-23,3.6,92,Past,2026-09-29 00:24:41,2026-09-29
Kottayam,9.5916,76.5222,2026-09-24,3.5,100,Past,2026-09-29 00:24:41,2026-09-29
Kottayam,9.5916,76.5222,2026-09-25,1.9,87,Past,2026-09-29 00:24:41,2026-09-29
Kottayam,9.5916,76.5222,2026-09-26,0.7,45,Past,2026-09-29 00:24:41,2026-09-29
Kottayam,9.5916,76.5222,2026-09-27,0.7,33,Past,2026-09-29 00:24:41,2026-09-29
Kottayam,9.5916,76.5222,2026-09-28,0.6,41,Past,2026-09-29 00:24:41,2026-09-29
Kottayam,9.5916,76.5222,2026-09-29,0.6,44,Forecast,2026-09-29 00:24:41,2026-09-29
Kottayam,9.5916,76.5222,2026-09-30,0.9,67,Forecast,2026-09-29 00:24:41,2026-09-29
Kottayam,9.5916,76.5222,2026-10-01,0.1,76,Forecast,2026-09-29 00:24:41,2026-09-29
Kottayam,9.5916,76.5222,2026-10-02,11.4,100,Forecast,2026-09-29 00:24:41,2026-09-29
Kottayam,9.5916,76.5222,2026-10-03,9.6,100,Forecast,2026-09-29 00:24:41,2026-09-29
Kottayam,9.5916,76.5222,2026-10-04,5.1,94,Forecast,2026-09-29 00:24:41,2026-09-29
Idukki,9.85,76.94,2026-09-21,7.6,100,Past,2026-09-29 00:24:41,2026-09-29
Idukki,9.85,76.94,2026-09-22,15.0,100,Past,2026-09-29 00:24:41,2026-09-29
Idukki,9.85,76.94,2026-09-23,12.2,100,Past,2026-09-29 00:24:41,2026-09-29
Idukki,9.85,76.94,2026-09-24,9.3,100,Past,2026-09-29 00:24:41,2026-09-29
Idukki,9.85,76.94,2026-09-25,5.1,98,Past,2026-09-29 00:24:41,2026-09-29
Idukki,9.85,76.94,2026-09-26,3.3,90,Past,2026-09-29 00:24:41,2026-09-29
Idukki,9.85,76.94,2026-09-27,0.3,17,Past,2026-09-29 00:24:41,2026-09-29
Idukki,9.85,76.94,2026-09-28,5.4,100,Past,2026-09-29 00:24:41,2026-09-29
Idukki,9.85,76.94,2026-09-29,0.1,73,Forecast,2026-09-29 00:24:41,2026-09-29
Idukki,9.85,76.94,2026-09-30,2.4,93,Forecast,2026-09-29 00:24:41,2026-09-29
Idukki,9.85,76.94,2026-10-01,2.5,100,Forecast,2026-09-29 00:24:41,2026-09-29
Idukki,9.85,76.94,2026-10-02,13.5,100,Forecast,2026-09-29 00:24:41,2026-09-29
Idukki,9.85,76.94,2026-10-03,8.7,100,Forecast,2026-09-29 00:24:41,2026-09-29
Idukki,9.85,76.94,2026-10-04,14.4,100,Forecast,2026-09-29 00:24:41,2026-09-29
Ernakulam,9.9312,76.2673,2026-09-21,23.1,100,Past,2026-09-29 00:24:41,2026-09-29
Ernakulam,9.9312,76.2673,2026-09-22,7.4,94,Past,2026-09-29 00:24:41,2026-09-29
Ernakulam,9.9312,76.2673,2026-09-23,1.8,82,Past,2026-09-29 00:24:41,2026-09-29
Ernakulam,9.9312,76.2673,2026-09-24,1.3,88,Past,2026-09-29 00:24:41,2026-09-29
Ernakulam,9.9312,76.2673,2026-09-25,0.2,84,Past,2026-09-29 00:24:41,2026-09-29
Ernakulam,9.9312,76.2673,2026-09-26,0.2,27,Past,2026-09-29 00:24:41,2026-09-29
Ernakulam,9.9312,76.2673,2026-09-27,0.0,25,Past,2026-09-29 00:24:41,2026-09-29
Ernakulam,9.9312,76.2673,2026-09-28,0.1,35,Past,2026-09-29 00:24:41,2026-09-29
Ernakulam,9.9312,76.2673,2026-09-29,0.5,24,Forecast,2026-09-29 00:24:41,2026-09-29
Ernakulam,9.9312,76.2673,2026-09-30,0.8,31,Forecast,2026-09-29 00:24:41,2026-09-29
Ernakulam,9.9312,76.2673,2026-10-01,0.0,29,Forecast,2026-09-29 00:24:41,2026-09-29
Ernakulam,9.9312,76.2673,2026-10-02,3.0,86,Forecast,2026-09-29 00:24:41,2026-09-29
Ernakulam,9.9312,76.2673,2026-10-03,2.4,79,Forecast,2026-09-29 00:24:41,2026-09-29
Ernakulam,9.9312,76.2673,2026-10-04,2.1,59,Forecast,2026-09-29 00:24:41,2026-09-29
Thrissur,10.5276,76.2144,2026-09-21,31.5,100,Past,2026-09-29 00:24:41,2026-09-29
Thrissur,10.5276,76.2144,2026-09-22,2.5,92,Past,2026-09-29 00:24:41,2026-09-29
Thrissur,10.5276,76.2144,2026-09-23,3.1,76,Past,2026-09-29 00:24:41,2026-09-29
Thrissur,10.5276,76.2144,2026-09-24,0.9,43,Past,2026-09-29 00:24:41,2026-09-29
Thrissur,10.5276,76.2144,2026-09-25,4.0,74,Past,2026-09-29 00:24:41,2026-09-29
Thrissur,10.5276,76.2144,2026-09-26,0.8,49,Past,2026-09-29 00:24:41,2026-09-29
Thrissur,10.5276,76.2144,2026-09-27,1.0,28,Past,2026-09-29 00:24:41,2026-09-29
Thrissur,10.5276,76.2144,2026-09-28,0.5,71,Past,2026-09-29 00:24:41,2026-09-29
Thrissur,10.5276,76.2144,2026-09-29,1.1,61,Forecast,2026-09-29 00:24:41,2026-09-29
Thrissur,10.5276,76.2144,2026-09-30,0.8,78,Forecast,2026-09-29 00:24:41,2026-09-29
Thrissur,10.5276,76.2144,2026-10-01,0.1,73,Forecast,2026-09-29 00:24:41,2026-09-29
Thrissur,10.5276,76.2144,2026-10-02,5.4,100,Forecast,2026-09-29 00:24:41,2026-09-29
Thrissur,10.5276,76.2144,2026-10-03,4.8,100,Forecast,2026-09-29 00:24:41,2026-09-29
Thrissur,10.5276,76.2144,2026-10-04,4.2,98,Forecast,2026-09-29 00:24:41,2026-09-29
Palakkad,10.7867,76.6548,2026-09-21,17.8,100,Past,2026-09-29 00:24:41,2026-09-29
Palakkad,10.7867,76.6548,2026-09-22,3.1,86,Past,2026-09-29 00:24:41,2026-09-29
Palakkad,10.7867,76.6548,2026-09-23,3.0,84,Past,2026-09-29 00:24:41,2026-09-29
Palakkad,10.7867,76.6548,2026-09-24,1.6,86,Past,2026-09-29 00:24:41,2026-09-29
Palakkad,10.7867,76.6548,2026-09-25,16.1,92,Past,2026-09-29 00:24:41,2026-09-29
Palakkad,10.7867,76.6548,2026-09-26,1.7,53,Past,2026-09-29 00:24:41,2026-09-29
Palakkad,10.7867,76.6548,2026-09-27,0.0,2,Past,2026-09-29 00:24:41,2026-09-29
Palakkad,10.7867,76.6548,2026-09-28,0.4,24,Past,2026-09-29 00:24:41,2026-09-29
Palakkad,10.7867,76.6548,2026-09-29,0.3,26,Forecast,2026-09-29 00:24:41,2026-09-29
Palakkad,10.7867,76.6548,2026-09-30,0.5,41,Forecast,2026-09-29 00:24:41,2026-09-29
Palakkad,10.7867,76.6548,2026-10-01,4.5,82,Forecast,2026-09-29 00:24:41,2026-09-29
Palakkad,10.7867,76.6548,2026-10-02,6.0,94,Forecast,2026-09-29 00:24:41,2026-09-29
Palakkad,10.7867,76.6548,2026-10-03,2.4,90,Forecast,2026-09-29 00:24:41,2026-09-29
Palakkad,10.7867,76.6548,2026-10-04,2.7,90,Forecast,2026-09-29 00:24:41,2026-09-29
Malappuram,11.051,76.0711,2026-09-21,22.6,100,Past,2026-09-29 00:24:41,2026-09-29
Malappuram,11.051,76.0711,2026-09-22,1.5,96,Past,2026-09-29 00:24:41,2026-09-29
Malappuram,11.051,76.0711,2026-09-23,1.5,73,Past,2026-09-29 00:24:41,2026-09-29
Malappuram,11.051,76.0711,2026-09-24,1.5,76,Past,2026-09-29 00:24:41,2026-09-29
Malappuram,11.051,76.0711,2026-09-25,19.9,86,Past,2026-09-29 00:24:41,2026-09-29
Malappuram,11.051,76.0711,2026-09-26,1.2,49,Past,2026-09-29 00:24:41,2026-09-29
Malappuram,11.051,76.0711,2026-09-27,0.0,3,Past,2026-09-29 00:24:41,2026-09-29
Malappuram,11.051,76.0711,2026-09-28,1.8,71,Past,2026-09-29 00:24:41,2026-09-29
Malappuram,11.051,76.0711,2026-09-29,0.2,80,Forecast,2026-09-29 00:24:41,2026-09-29
Malappuram,11.051,76.0711,2026-09-30,0.2,49,Forecast,2026-09-29 00:24:41,2026-09-29
Malappuram,11.051,76.0711,2026-10-01,0.2,69,Forecast,2026-09-29 00:24:41,2026-09-29
Malappuram,11.051,76.0711,2026-10-02,2.4,100,Forecast,2026-09-29 00:24:41,2026-09-29
Malappuram,11.051,76.0711,2026-10-03,1.2,100,Forecast,2026-09-29 00:24:41,2026-09-29
Malappuram,11.051,76.0711,2026-10-04,8.7,98,Forecast,2026-09-29 00:24:41,2026-09-29
Kozhikode,11.2588,75.7804,2026-09-21,5.7,100,Past,2026-09-29 00:24:41,2026-09-29
Kozhikode,11.2588,75.7804,2026-09-22,1.0,78,Past,2026-09-29 00:24:41,2026-09-29
Kozhikode,11.2588,75.7804,2026-09-23,1.9,76,Past,2026-09-29 00:24:41,2026-09-29
Kozhikode,11.2588,75.7804,2026-09-24,2.9,98,Past,2026-09-29 00:24:41,2026-09-29
Kozhikode,11.2588,75.7804,2026-09-25,14.3,100,Past,2026-09-29 00:24:41,2026-09-29
Kozhikode,11.2588,75.7804,2026-09-26,0.4,71,Past,2026-09-29 00:24:41,2026-09-29
Kozhikode,11.2588,75.7804,2026-09-27,0.0,6,Past,2026-09-29 00:24:41,2026-09-29
Kozhikode,11.2588,75.7804,2026-09-28,0.2,78,Past,2026-09-29 00:24:41,2026-09-29
Kozhikode,11.2588,75.7804,2026-09-29,0.0,35,Forecast,2026-09-29 00:24:41,2026-09-29
Kozhikode,11.2588,75.7804,2026-09-30,0.0,20,Forecast,2026-09-29 00:24:41,2026-09-29
Kozhikode,11.2588,75.7804,2026-10-01,0.0,81,Forecast,2026-09-29 00:24:41,2026-09-29
Kozhikode,11.2588,75.7804,2026-10-02,3.3,100,Forecast,2026-09-29 00:24:41,2026-09-29
Kozhikode,11.2588,75.7804,2026-10-03,0.3,100,Forecast,2026-09-29 00:24:41,2026-09-29
Kozhikode,11.2588,75.7804,2026-10-04,3.3,98,Forecast,2026-09-29 00:24:41,2026-09-29
Wayanad,11.6103,76.083,2026-09-21,4.5,100,Past,2026-09-29 00:24:41,2026-09-29
Wayanad,11.6103,76.083,2026-09-22,0.2,74,Past,2026-09-29 00:24:41,2026-09-29
Wayanad,11.6103,76.083,2026-09-23,0.2,69,Past,2026-09-29 00:24:41,2026-09-29
Wayanad,11.6103,76.083,2026-09-24,1.7,100,Past,2026-09-29 00:24:41,2026-09-29
Wayanad,11.6103,76.083,2026-09-25,18.7,100,Past,2026-09-29 00:24:41,2026-09-29
Wayanad,11.6103,76.083,2026-09-26,2.0,98,Past,2026-09-29 00:24:41,2026-09-29
Wayanad,11.6103,76.083,2026-09-27,0.0,65,Past,2026-09-29 00:24:41,2026-09-29
Wayanad,11.6103,76.083,2026-09-28,2.6,94,Past,2026-09-29 00:24:41,2026-09-29
Wayanad,11.6103,76.083,2026-09-29,0.9,48,Forecast,2026-09-29 00:24:41,2026-09-29
Wayanad,11.6103,76.083,2026-09-30,1.1,83,Forecast,2026-09-29 00:24:41,2026-09-29
Wayanad,11.6103,76.083,2026-10-01,2.4,100,Forecast,2026-09-29 00:24:41,2026-09-29
Wayanad,11.6103,76.083,2026-10-02,4.2,100,Forecast,2026-09-29 00:24:41,2026-09-29
Wayanad,11.6103,76.083,2026-10-03,2.1,100,Forecast,2026-09-29 00:24:41,2026-09-29
Wayanad,11.6103,76.083,2026-10-04,3.0,100,Forecast,2026-09-29 00:24:41,2026-09-29
Kannur,11.8745,75.3704,2026-09-21,12.8,98,Past,2026-09-29 00:24:41,2026-09-29
Kannur,11.8745,75.3704,2026-09-22,1.4,51,Past,2026-09-29 00:24:41,2026-09-29
Kannur,11.8745,75.3704,2026-09-23,0.9,55,Past,2026-09-29 00:24:41,2026-09-29
Kannur,11.8745,75.3704,2026-09-24,7.7,100,Past,2026-09-29 00:24:41,2026-09-29
Kannur,11.8745,75.3704,2026-09-25,25.6,100,Past,2026-09-29 00:24:41,2026-09-29
Kannur,11.8745,75.3704,2026-09-26,0.3,25,Past,2026-09-29 00:24:41,2026-09-29
Kannur,11.8745,75.3704,2026-09-27,0.0,8,Past,2026-09-29 00:24:41,2026-09-29
Kannur,11.8745,75.3704,2026-09-28,0.0,8,Past,2026-09-29 00:24:41,2026-09-29
Kannur,11.8745,75.3704,2026-09-29,0.0,6,Forecast,2026-09-29 00:24:41,2026-09-29
Kannur,11.8745,75.3704,2026-09-30,0.2,10,Forecast,2026-09-29 00:24:41,2026-09-29
Kannur,11.8745,75.3704,2026-10-01,0.0,37,Forecast,2026-09-29 00:24:41,2026-09-29
Kannur,11.8745,75.3704,2026-10-02,2.7,88,Forecast,2026-09-29 00:24:41,2026-09-29
Kannur,11.8745,75.3704,2026-10-03,6.6,86,Forecast,2026-09-29 00:24:41,2026-09-29
Kannur,11.8745,75.3704,2026-10-04,0.6,51,Forecast,2026-09-29 00:24:41,2026-09-29
Kasaragod,12.4996,74.9869,2026-09-21,4.9,96,Past,2026-09-29 00:24:41,2026-09-29
Kasaragod,12.4996,74.9869,2026-09-22,1.1,18,Past,2026-09-29 00:24:41,2026-09-29
Kasaragod,12.4996,74.9869,2026-09-23,2.1,38,Past,2026-09-29 00:24:41,2026-09-29
Kasaragod,12.4996,74.9869,2026-09-24,8.2,100,Past,2026-09-29 00:24:41,2026-09-29
Kasaragod,12.4996,74.9869,2026-09-25,13.2,100,Past,2026-09-29 00:24:41,2026-09-29
Kasaragod,12.4996,74.9869,2026-09-26,1.1,51,Past,2026-09-29 00:24:41,2026-09-29
Kasaragod,12.4996,74.9869,2026-09-27,0.0,2,Past,2026-09-29 00:24:41,2026-09-29
Kasaragod,12.4996,74.9869,2026-09-28,0.1,8,Past,2026-09-29 00:24:41,2026-09-29
Kasaragod,12.4996,74.9869,2026-09-29,0.1,4,Forecast,2026-09-29 00:24:41,2026-09-29
Kasaragod,12.4996,74.9869,2026-09-30,0.4,15,Forecast,2026-09-29 00:24:41,2026-09-29
Kasaragod,12.4996,74.9869,2026-10-01,0.2,20,Forecast,2026-09-29 00:24:41,2026-09-29
Kasaragod,12.4996,74.9869,2026-10-02,5.7,66,Forecast,2026-09-29 00:24:41,2026-09-29
Kasaragod,12.4996,74.9869,2026-10-03,4.2,89,Forecast,2026-09-29 00:24:41,2026-09-29
Kasaragod,12.4996,74.9869,2026-10-04,1.2,53,Forecast,2026-09-29 00:24:41,2026-09-29
Thiruvananthapuram,8.5241,76.9366,2026-09-23,4.9,92,Past,2026-09-30 03:07:23,2026-09-30
Thiruvananthapuram,8.5241,76.9366,2026-09-24,10.1,100,Past,2026-09-30 03:07:23,2026-09-30
Thiruvananthapuram,8.5241,76.9366,2026-09-25,4.2,94,Past,2026-09-30 03:07:23,2026-09-30
Thiruvananthapuram,8.5241,76.9366,2026-09-26,0.3,32,Past,2026-09-30 03:07:23,2026-09-30
Thiruvananthapuram,8.5241,76.9366,2026-09-27,0.5,69,Past,2026-09-30 03:07:23,2026-09-30
Thiruvananthapuram,8.5241,76.9366,2026-09-28,0.6,38,Past,2026-09-30 03:07:23,2026-09-30
Thiruvananthapuram,8.5241,76.9366,2026-09-29,0.0,10,Past,2026-09-30 03:07:23,2026-09-30
Thiruvananthapuram,8.5241,76.9366,2026-09-30,0.7,89,Forecast,2026-09-30 03:07:23,2026-09-30
Thiruvananthapuram,8.5241,76.9366,2026-10-01,3.6,96,Forecast,2026-09-30 03:07:23,2026-09-30
Thiruvananthapuram,8.5241,76.9366,2026-10-02,11.1,100,Forecast,2026-09-30 03:07:23,2026-09-30
Thiruvananthapuram,8.5241,76.9366,2026-10-03,9.2,100,Forecast,2026-09-30 03:07:23,2026-09-30
Thiruvananthapuram,8.5241,76.9366,2026-10-04,4.8,100,Forecast,2026-09-30 03:07:23,2026-09-30
Thiruvananthapuram,8.5241,76.9366,2026-10-05,6.3,92,Forecast,2026-09-30 03:07:23,2026-09-30
Thiruvananthapuram,8.5241,76.9366,2026-10-06,8.4,98,Forecast,2026-09-30 03:07:23,2026-09-30
Kollam,8.8932,76.6141,2026-09-23,4.0,94,Past,2026-09-30 03:07:23,2026-09-30
Kollam,8.8932,76.6141,2026-09-24,8.5,100,Past,2026-09-30 03:07:23,2026-09-30
Kollam,8.8932,76.6141,2026-09-25,1.9,90,Past,2026-09-30 03:07:23,2026-09-30
Kollam,8.8932,76.6141,2026-09-26,0.1,55,Past,2026-09-30 03:07:23,2026-09-30
Kollam,8.8932,76.6141,2026-09-27,0.4,69,Past,2026-09-30 03:07:23,2026-09-30
Kollam,8.8932,76.6141,2026-09-28,0.5,50,Past,2026-09-30 03:07:23,2026-09-30
Kollam,8.8932,76.6141,2026-09-29,0.3,53,Past,2026-09-30 03:07:23,2026-09-30
Kollam,8.8932,76.6141,2026-09-30,1.4,88,Forecast,2026-09-30 03:07:23,2026-09-30
Kollam,8.8932,76.6141,2026-10-01,0.6,73,Forecast,2026-09-30 03:07:23,2026-09-30
Kollam,8.8932,76.6141,2026-10-02,6.2,100,Forecast,2026-09-30 03:07:23,2026-09-30
Kollam,8.8932,76.6141,2026-10-03,4.3,100,Forecast,2026-09-30 03:07:23,2026-09-30
Kollam,8.8932,76.6141,2026-10-04,0.6,100,Forecast,2026-09-30 03:07:23,2026-09-30
Kollam,8.8932,76.6141,2026-10-05,0.9,96,Forecast,2026-09-30 03:07:23,2026-09-30
Kollam,8.8932,76.6141,2026-10-06,4.2,99,Forecast,2026-09-30 03:07:23,2026-09-30
Pathanamthitta,9.2648,76.787,2026-09-23,7.2,100,Past,2026-09-30 03:07:23,2026-09-30
Pathanamthitta,9.2648,76.787,2026-09-24,3.1,100,Past,2026-09-30 03:07:23,2026-09-30
Pathanamthitta,9.2648,76.787,2026-09-25,5.6,84,Past,2026-09-30 03:07:23,2026-09-30
Pathanamthitta,9.2648,76.787,2026-09-26,0.8,61,Past,2026-09-30 03:07:23,2026-09-30
Pathanamthitta,9.2648,76.787,2026-09-27,0.8,57,Past,2026-09-30 03:07:23,2026-09-30
Pathanamthitta,9.2648,76.787,2026-09-28,1.0,31,Past,2026-09-30 03:07:23,2026-09-30
Pathanamthitta,9.2648,76.787,2026-09-29,0.8,47,Past,2026-09-30 03:07:23,2026-09-30
Pathanamthitta,9.2648,76.787,2026-09-30,5.5,78,Forecast,2026-09-30 03:07:23,2026-09-30
Pathanamthitta,9.2648,76.787,2026-10-01,6.9,76,Forecast,2026-09-30 03:07:23,2026-09-30
Pathanamthitta,9.2648,76.787,2026-10-02,14.7,100,Forecast,2026-09-30 03:07:23,2026-09-30
Pathanamthitta,9.2648,76.787,2026-10-03,12.4,100,Forecast,2026-09-30 03:07:23,2026-09-30
Pathanamthitta,9.2648,76.787,2026-10-04,5.1,100,Forecast,2026-09-30 03:07:23,2026-09-30
Pathanamthitta,9.2648,76.787,2026-10-05,9.0,98,Forecast,2026-09-30 03:07:23,2026-09-30
Pathanamthitta,9.2648,76.787,2026-10-06,8.4,98,Forecast,2026-09-30 03:07:23,2026-09-30
Alappuzha,9.4981,76.3388,2026-09-23,4.0,92,Past,2026-09-30 03:07:23,2026-09-30
Alappuzha,9.4981,76.3388,2026-09-24,8.6,100,Past,2026-09-30 03:07:23,2026-09-30
Alappuzha,9.4981,76.3388,2026-09-25,0.3,87,Past,2026-09-30 03:07:23,2026-09-30
Alappuzha,9.4981,76.3388,2026-09-26,0.4,45,Past,2026-09-30 03:07:23,2026-09-30
Alappuzha,9.4981,76.3388,2026-09-27,0.0,33,Past,2026-09-30 03:07:23,2026-09-30
Alappuzha,9.4981,76.3388,2026-09-28,0.8,41,Past,2026-09-30 03:07:23,2026-09-30
Alappuzha,9.4981,76.3388,2026-09-29,0.8,35,Past,2026-09-30 03:07:23,2026-09-30
Alappuzha,9.4981,76.3388,2026-09-30,1.1,72,Forecast,2026-09-30 03:07:23,2026-09-30
Alappuzha,9.4981,76.3388,2026-10-01,0.7,69,Forecast,2026-09-30 03:07:23,2026-09-30
Alappuzha,9.4981,76.3388,2026-10-02,11.8,100,Forecast,2026-09-30 03:07:23,2026-09-30
Alappuzha,9.4981,76.3388,2026-10-03,8.4,100,Forecast,2026-09-30 03:07:23,2026-09-30
Alappuzha,9.4981,76.3388,2026-10-04,5.4,100,Forecast,2026-09-30 03:07:23,2026-09-30
Alappuzha,9.4981,76.3388,2026-10-05,5.7,98,Forecast,2026-09-30 03:07:23,2026-09-30
Alappuzha,9.4981,76.3388,2026-10-06,4.2,100,Forecast,2026-09-30 03:07:23,2026-09-30
Kottayam,9.5916,76.5222,2026-09-23,3.6,92,Past,2026-09-30 03:07:23,2026-09-30
Kottayam,9.5916,76.5222,2026-09-24,3.5,100,Past,2026-09-30 03:07:23,2026-09-30
Kottayam,9.5916,76.5222,2026-09-25,1.9,87,Past,2026-09-30 03:07:23,2026-09-30
Kottayam,9.5916,76.5222,2026-09-26,0.7,45,Past,2026-09-30 03:07:23,2026-09-30
Kottayam,9.5916,76.5222,2026-09-27,0.7,33,Past,2026-09-30 03:07:23,2026-09-30
Kottayam,9.5916,76.5222,2026-09-28,0.6,41,Past,2026-09-30 03:07:23,2026-09-30
Kottayam,9.5916,76.5222,2026-09-29,0.5,35,Past,2026-09-30 03:07:23,2026-09-30
Kottayam,9.5916,76.5222,2026-09-30,2.1,72,Forecast,2026-09-30 03:07:23,2026-09-30
Kottayam,9.5916,76.5222,2026-10-01,2.8,69,Forecast,2026-09-30 03:07:23,2026-09-30
Kottayam,9.5916,76.5222,2026-10-02,12.7,100,Forecast,2026-09-30 03:07:23,2026-09-30
Kottayam,9.5916,76.5222,2026-10-03,8.5,100,Forecast,2026-09-30 03:07:23,2026-09-30
Kottayam,9.5916,76.5222,2026-10-04,9.3,100,Forecast,2026-09-30 03:07:23,2026-09-30
Kottayam,9.5916,76.5222,2026-10-05,5.1,98,Forecast,2026-09-30 03:07:23,2026-09-30
Kottayam,9.5916,76.5222,2026-10-06,13.2,100,Forecast,2026-09-30 03:07:23,2026-09-30
Idukki,9.85,76.94,2026-09-23,12.2,100,Past,2026-09-30 03:07:23,2026-09-30
Idukki,9.85,76.94,2026-09-24,9.3,100,Past,2026-09-30 03:07:23,2026-09-30
Idukki,9.85,76.94,2026-09-25,5.1,98,Past,2026-09-30 03:07:23,2026-09-30
Idukki,9.85,76.94,2026-09-26,3.3,90,Past,2026-09-30 03:07:23,2026-09-30
Idukki,9.85,76.94,2026-09-27,0.3,17,Past,2026-09-30 03:07:23,2026-09-30
Idukki,9.85,76.94,2026-09-28,8.5,100,Past,2026-09-30 03:07:23,2026-09-30
Idukki,9.85,76.94,2026-09-29,0.1,28,Past,2026-09-30 03:07:23,2026-09-30
Idukki,9.85,76.94,2026-09-30,5.8,85,Forecast,2026-09-30 03:07:23,2026-09-30
Idukki,9.85,76.94,2026-10-01,11.2,100,Forecast,2026-09-30 03:07:23,2026-09-30
Idukki,9.85,76.94,2026-10-02,19.4,100,Forecast,2026-09-30 03:07:23,2026-09-30
Idukki,9.85,76.94,2026-10-03,9.0,100,Forecast,2026-09-30 03:07:23,2026-09-30
Idukki,9.85,76.94,2026-10-04,23.4,100,Forecast,2026-09-30 03:07:23,2026-09-30
Idukki,9.85,76.94,2026-10-05,15.0,100,Forecast,2026-09-30 03:07:23,2026-09-30
Idukki,9.85,76.94,2026-10-06,8.4,100,Forecast,2026-09-30 03:07:23,2026-09-30
Ernakulam,9.9312,76.2673,2026-09-23,1.8,82,Past,2026-09-30 03:07:23,2026-09-30
Ernakulam,9.9312,76.2673,2026-09-24,1.3,88,Past,2026-09-30 03:07:23,2026-09-30
Ernakulam,9.9312,76.2673,2026-09-25,0.2,84,Past,2026-09-30 03:07:23,2026-09-30
Ernakulam,9.9312,76.2673,2026-09-26,0.2,27,Past,2026-09-30 03:07:23,2026-09-30
Ernakulam,9.9312,76.2673,2026-09-27,0.0,25,Past,2026-09-30 03:07:23,2026-09-30
Ernakulam,9.9312,76.2673,2026-09-28,0.1,35,Past,2026-09-30 03:07:23,2026-09-30
Ernakulam,9.9312,76.2673,2026-09-29,0.5,27,Past,2026-09-30 03:07:23,2026-09-30
Ernakulam,9.9312,76.2673,2026-09-30,1.5,39,Forecast,2026-09-30 03:07:23,2026-09-30
Ernakulam,9.9312,76.2673,2026-10-01,1.1,31,Forecast,2026-09-30 03:07:23,2026-09-30
Ernakulam,9.9312,76.2673,2026-10-02,7.8,86,Forecast,2026-09-30 03:07:23,2026-09-30
Ernakulam,9.9312,76.2673,2026-10-03,7.6,94,Forecast,2026-09-30 03:07:23,2026-09-30
Ernakulam,9.9312,76.2673,2026-10-04,4.2,64,Forecast,2026-09-30 03:07:23,2026-09-30
Ernakulam,9.9312,76.2673,2026-10-05,3.6,55,Forecast,2026-09-30 03:07:23,2026-09-30
Ernakulam,9.9312,76.2673,2026-10-06,6.6,69,Forecast,2026-09-30 03:07:23,2026-09-30
Thrissur,10.5276,76.2144,2026-09-23,3.1,76,Past,2026-09-30 03:07:23,2026-09-30
Thrissur,10.5276,76.2144,2026-09-24,0.9,43,Past,2026-09-30 03:07:23,2026-09-30
Thrissur,10.5276,76.2144,2026-09-25,4.0,74,Past,2026-09-30 03:07:23,2026-09-30
Thrissur,10.5276,76.2144,2026-09-26,0.8,49,Past,2026-09-30 03:07:23,2026-09-30
Thrissur,10.5276,76.2144,2026-09-27,1.0,28,Past,2026-09-30 03:07:23,2026-09-30
Thrissur,10.5276,76.2144,2026-09-28,0.5,71,Past,2026-09-30 03:07:23,2026-09-30
Thrissur,10.5276,76.2144,2026-09-29,0.1,14,Past,2026-09-30 03:07:23,2026-09-30
Thrissur,10.5276,76.2144,2026-09-30,0.9,76,Forecast,2026-09-30 03:07:23,2026-09-30
Thrissur,10.5276,76.2144,2026-10-01,0.3,67,Forecast,2026-09-30 03:07:23,2026-09-30
Thrissur,10.5276,76.2144,2026-10-02,14.1,100,Forecast,2026-09-30 03:07:23,2026-09-30
Thrissur,10.5276,76.2144,2026-10-03,4.6,100,Forecast,2026-09-30 03:07:23,2026-09-30
Thrissur,10.5276,76.2144,2026-10-04,3.0,98,Forecast,2026-09-30 03:07:23,2026-09-30
Thrissur,10.5276,76.2144,2026-10-05,12.9,100,Forecast,2026-09-30 03:07:23,2026-09-30
Thrissur,10.5276,76.2144,2026-10-06,8.4,100,Forecast,2026-09-30 03:07:23,2026-09-30
Palakkad,10.7867,76.6548,2026-09-23,3.0,84,Past,2026-09-30 03:07:23,2026-09-30
Palakkad,10.7867,76.6548,2026-09-24,1.6,86,Past,2026-09-30 03:07:23,2026-09-30
Palakkad,10.7867,76.6548,2026-09-25,16.1,92,Past,2026-09-30 03:07:23,2026-09-30
Palakkad,10.7867,76.6548,2026-09-26,1.7,53,Past,2026-09-30 03:07:23,2026-09-30
Palakkad,10.7867,76.6548,2026-09-27,0.0,2,Past,2026-09-30 03:07:23,2026-09-30
Palakkad,10.7867,76.6548,2026-09-28,0.4,24,Past,2026-09-30 03:07:23,2026-09-30
Palakkad,10.7867,76.6548,2026-09-29,0.0,4,Past,2026-09-30 03:07:23,2026-09-30
Palakkad,10.7867,76.6548,2026-09-30,1.2,24,Forecast,2026-09-30 03:07:23,2026-09-30
Palakkad,10.7867,76.6548,2026-10-01,4.1,86,Forecast,2026-09-30 03:07:23,2026-09-30
Palakkad,10.7867,76.6548,2026-10-02,6.4,96,Forecast,2026-09-30 03:07:23,2026-09-30
Palakkad,10.7867,76.6548,2026-10-03,2.3,80,Forecast,2026-09-30 03:07:23,2026-09-30
Palakkad,10.7867,76.6548,2026-10-04,3.6,84,Forecast,2026-09-30 03:07:23,2026-09-30
Palakkad,10.7867,76.6548,2026-10-05,5.1,100,Forecast,2026-09-30 03:07:23,2026-09-30
Palakkad,10.7867,76.6548,2026-10-06,9.6,89,Forecast,2026-09-30 03:07:23,2026-09-30
Malappuram,11.051,76.0711,2026-09-23,1.5,73,Past,2026-09-30 03:07:23,2026-09-30
Malappuram,11.051,76.0711,2026-09-24,1.5,76,Past,2026-09-30 03:07:23,2026-09-30
Malappuram,11.051,76.0711,2026-09-25,19.9,86,Past,2026-09-30 03:07:23,2026-09-30
Malappuram,11.051,76.0711,2026-09-26,1.2,49,Past,2026-09-30 03:07:23,2026-09-30
Malappuram,11.051,76.0711,2026-09-27,0.0,3,Past,2026-09-30 03:07:23,2026-09-30
Malappuram,11.051,76.0711,2026-09-28,1.8,71,Past,2026-09-30 03:07:23,2026-09-30
Malappuram,11.051,76.0711,2026-09-29,1.5,35,Past,2026-09-30 03:07:23,2026-09-30
Malappuram,11.051,76.0711,2026-09-30,0.9,67,Forecast,2026-09-30 03:07:23,2026-09-30
Malappuram,11.051,76.0711,2026-10-01,0.3,54,Forecast,2026-09-30 03:07:23,2026-09-30
Malappuram,11.051,76.0711,2026-10-02,9.6,100,Forecast,2026-09-30 03:07:23,2026-09-30
Malappuram,11.051,76.0711,2026-10-03,6.8,100,Forecast,2026-09-30 03:07:23,2026-09-30
Malappuram,11.051,76.0711,2026-10-04,5.4,100,Forecast,2026-09-30 03:07:23,2026-09-30
Malappuram,11.051,76.0711,2026-10-05,6.3,100,Forecast,2026-09-30 03:07:23,2026-09-30
Malappuram,11.051,76.0711,2026-10-06,6.6,100,Forecast,2026-09-30 03:07:23,2026-09-30
Kozhikode,11.2588,75.7804,2026-09-23,1.9,76,Past,2026-09-30 03:07:23,2026-09-30
Kozhikode,11.2588,75.7804,2026-09-24,2.9,98,Past,2026-09-30 03:07:23,2026-09-30
Kozhikode,11.2588,75.7804,2026-09-25,14.3,100,Past,2026-09-30 03:07:23,2026-09-30
Kozhikode,11.2588,75.7804,2026-09-26,0.4,71,Past,2026-09-30 03:07:23,2026-09-30
Kozhikode,11.2588,75.7804,2026-09-27,0.0,6,Past,2026-09-30 03:07:23,2026-09-30
Kozhikode,11.2588,75.7804,2026-09-28,0.2,78,Past,2026-09-30 03:07:23,2026-09-30
Kozhikode,11.2588,75.7804,2026-09-29,0.7,25,Past,2026-09-30 03:07:23,2026-09-30
Kozhikode,11.2588,75.7804,2026-09-30,1.6,25,Forecast,2026-09-30 03:07:23,2026-09-30
Kozhikode,11.2588,75.7804,2026-10-01,0.7,78,Forecast,2026-09-30 03:07:23,2026-09-30
Kozhikode,11.2588,75.7804,2026-10-02,14.5,100,Forecast,2026-09-30 03:07:23,2026-09-30
Kozhikode,11.2588,75.7804,2026-10-03,2.8,100,Forecast,2026-09-30 03:07:23,2026-09-30
Kozhikode,11.2588,75.7804,2026-10-04,3.6,100,Forecast,2026-09-30 03:07:23,2026-09-30
Kozhikode,11.2588,75.7804,2026-10-05,4.5,100,Forecast,2026-09-30 03:07:23,2026-09-30
Kozhikode,11.2588,75.7804,2026-10-06,3.6,100,Forecast,2026-09-30 03:07:23,2026-09-30
Wayanad,11.6103,76.083,2026-09-23,0.2,69,Past,2026-09-30 03:07:23,2026-09-30
Wayanad,11.6103,76.083,2026-09-24,1.7,100,Past,2026-09-30 03:07:23,2026-09-30
Wayanad,11.6103,76.083,2026-09-25,18.7,100,Past,2026-09-30 03:07:23,2026-09-30
Wayanad,11.6103,76.083,2026-09-26,2.0,98,Past,2026-09-30 03:07:23,2026-09-30
Wayanad,11.6103,76.083,2026-09-27,0.0,65,Past,2026-09-30 03:07:23,2026-09-30
Wayanad,11.6103,76.083,2026-09-28,2.6,94,Past,2026-09-30 03:07:23,2026-09-30
Wayanad,11.6103,76.083,2026-09-29,1.3,65,Past,2026-09-30 03:07:23,2026-09-30
Wayanad,11.6103,76.083,2026-09-30,3.3,61,Forecast,2026-09-30 03:07:23,2026-09-30
Wayanad,11.6103,76.083,2026-10-01,3.4,100,Forecast,2026-09-30 03:07:23,2026-09-30
Wayanad,11.6103,76.083,2026-10-02,3.3,100,Forecast,2026-09-30 03:07:23,2026-09-30
Wayanad,11.6103,76.083,2026-10-03,3.0,100,Forecast,2026-09-30 03:07:23,2026-09-30
Wayanad,11.6103,76.083,2026-10-04,3.3,100,Forecast,2026-09-30 03:07:23,2026-09-30
Wayanad,11.6103,76.083,2026-10-05,3.3,100,Forecast,2026-09-30 03:07:23,2026-09-30
Wayanad,11.6103,76.083,2026-10-06,4.2,100,Forecast,2026-09-30 03:07:23,2026-09-30
Kannur,11.8745,75.3704,2026-09-23,0.9,55,Past,2026-09-30 03:07:23,2026-09-30
Kannur,11.8745,75.3704,2026-09-24,7.7,100,Past,2026-09-30 03:07:23,2026-09-30
Kannur,11.8745,75.3704,2026-09-25,25.6,100,Past,2026-09-30 03:07:23,2026-09-30
Kannur,11.8745,75.3704,2026-09-26,0.3,25,Past,2026-09-30 03:07:23,2026-09-30
Kannur,11.8745,75.3704,2026-09-27,0.0,8,Past,2026-09-30 03:07:23,2026-09-30
Kannur,11.8745,75.3704,2026-09-28,0.0,8,Past,2026-09-30 03:07:23,2026-09-30
Kannur,11.8745,75.3704,2026-09-29,0.0,10,Past,2026-09-30 03:07:23,2026-09-30
Kannur,11.8745,75.3704,2026-09-30,0.2,6,Forecast,2026-09-30 03:07:23,2026-09-30
Kannur,11.8745,75.3704,2026-10-01,0.1,35,Forecast,2026-09-30 03:07:23,2026-09-30
Kannur,11.8745,75.3704,2026-10-02,8.2,90,Forecast,2026-09-30 03:07:23,2026-09-30
Kannur,11.8745,75.3704,2026-10-03,2.1,87,Forecast,2026-09-30 03:07:23,2026-09-30
Kannur,11.8745,75.3704,2026-10-04,1.2,76,Forecast,2026-09-30 03:07:23,2026-09-30
Kannur,11.8745,75.3704,2026-10-05,0.9,84,Forecast,2026-09-30 03:07:23,2026-09-30
Kannur,11.8745,75.3704,2026-10-06,4.2,51,Forecast,2026-09-30 03:07:23,2026-09-30
Kasaragod,12.4996,74.9869,2026-09-23,2.1,38,Past,2026-09-30 03:07:23,2026-09-30
Kasaragod,12.4996,74.9869,2026-09-24,8.2,100,Past,2026-09-30 03:07:23,2026-09-30
Kasaragod,12.4996,74.9869,2026-09-25,13.2,100,Past,2026-09-30 03:07:23,2026-09-30
Kasaragod,12.4996,74.9869,2026-09-26,1.1,51,Past,2026-09-30 03:07:23,2026-09-30
Kasaragod,12.4996,74.9869,2026-09-27,0.0,2,Past,2026-09-30 03:07:23,2026-09-30
Kasaragod,12.4996,74.9869,2026-09-28,0.1,8,Past,2026-09-30 03:07:23,2026-09-30
Kasaragod,12.4996,74.9869,2026-09-29,0.2,14,Past,2026-09-30 03:07:23,2026-09-30
Kasaragod,12.4996,74.9869,2026-09-30,0.2,6,Forecast,2026-09-30 03:07:23,2026-09-30
Kasaragod,12.4996,74.9869,2026-10-01,0.2,14,Forecast,2026-09-30 03:07:23,2026-09-30
Kasaragod,12.4996,74.9869,2026-10-02,5.1,64,Forecast,2026-09-30 03:07:23,2026-09-30
Kasaragod,12.4996,74.9869,2026-10-03,10.6,91,Forecast,2026-09-30 03:07:23,2026-09-30
Kasaragod,12.4996,74.9869,2026-10-04,4.5,76,Forecast,2026-09-30 03:07:23,2026-09-30
Kasaragod,12.4996,74.9869,2026-10-05,2.1,75,Forecast,2026-09-30 03:07:23,2026-09-30
Kasaragod,12.4996,74.9869,2026-10-06,1.2,65,Forecast,2026-09-30 03:07:23,2026-09-30
Thiruvananthapuram,8.5241,76.9366,2026-09-24,10.1,100,Past,2026-10-01 03:08:43,2026-10-01
Thiruvananthapuram,8.5241,76.9366,2026-09-25,4.2,94,Past,2026-10-01 03:08:43,2026-10-01
Thiruvananthapuram,8.5241,76.9366,2026-09-26,0.3,32,Past,2026-10-01 03:08:43,2026-10-01
Thiruvananthapuram,8.5241,76.9366,2026-09-27,0.5,69,Past,2026-10-01 03:08:43,2026-10-01
Thiruvananthapuram,8.5241,76.9366,2026-09-28,0.6,38,Past,2026-10-01 03:08:43,2026-10-01
Thiruvananthapuram,8.5241,76.9366,2026-09-29,0.0,10,Past,2026-10-01 03:08:43,2026-10-01
Thiruvananthapuram,8.5241,76.9366,2026-09-30,1.6,78,Past,2026-10-01 03:08:43,2026-10-01
Thiruvananthapuram,8.5241,76.9366,2026-10-01,16.9,100,Forecast,2026-10-01 03:08:43,2026-10-01
Thiruvananthapuram,8.5241,76.9366,2026-10-02,7.2,100,Forecast,2026-10-01 03:08:43,2026-10-01
Thiruvananthapuram,8.5241,76.9366,2026-10-03,8.9,100,Forecast,2026-10-01 03:08:43,2026-10-01
Thiruvananthapuram,8.5241,76.9366,2026-10-04,5.9,100,Forecast,2026-10-01 03:08:43,2026-10-01
Thiruvananthapuram,8.5241,76.9366,2026-10-05,4.5,100,Forecast,2026-10-01 03:08:43,2026-10-01
Thiruvananthapuram,8.5241,76.9366,2026-10-06,5.7,100,Forecast,2026-10-01 03:08:43,2026-10-01
Thiruvananthapuram,8.5241,76.9366,2026-10-07,12.6,98,Forecast,2026-10-01 03:08:43,2026-10-01
Kollam,8.8932,76.6141,2026-09-24,8.5,100,Past,2026-10-01 03:08:43,2026-10-01
Kollam,8.8932,76.6141,2026-09-25,1.9,90,Past,2026-10-01 03:08:43,2026-10-01
Kollam,8.8932,76.6141,2026-09-26,0.1,55,Past,2026-10-01 03:08:43,2026-10-01
Kollam,8.8932,76.6141,2026-09-27,0.4,69,Past,2026-10-01 03:08:43,2026-10-01
Kollam,8.8932,76.6141,2026-09-28,0.5,50,Past,2026-10-01 03:08:43,2026-10-01
Kollam,8.8932,76.6141,2026-09-29,0.3,53,Past,2026-10-01 03:08:43,2026-10-01
Kollam,8.8932,76.6141,2026-09-30,1.0,91,Past,2026-10-01 03:08:43,2026-10-01
Kollam,8.8932,76.6141,2026-10-01,4.8,100,Forecast,2026-10-01 03:08:43,2026-10-01
Kollam,8.8932,76.6141,2026-10-02,13.0,100,Forecast,2026-10-01 03:08:43,2026-10-01
Kollam,8.8932,76.6141,2026-10-03,3.0,100,Forecast,2026-10-01 03:08:43,2026-10-01
Kollam,8.8932,76.6141,2026-10-04,2.7,100,Forecast,2026-10-01 03:08:43,2026-10-01
Kollam,8.8932,76.6141,2026-10-05,3.3,100,Forecast,2026-10-01 03:08:43,2026-10-01
Kollam,8.8932,76.6141,2026-10-06,1.8,100,Forecast,2026-10-01 03:08:43,2026-10-01
Kollam,8.8932,76.6141,2026-10-07,3.6,99,Forecast,2026-10-01 03:08:43,2026-10-01
Pathanamthitta,9.2648,76.787,2026-09-24,3.1,100,Past,2026-10-01 03:08:43,2026-10-01
Pathanamthitta,9.2648,76.787,2026-09-25,5.6,84,Past,2026-10-01 03:08:43,2026-10-01
Pathanamthitta,9.2648,76.787,2026-09-26,0.8,61,Past,2026-10-01 03:08:43,2026-10-01
Pathanamthitta,9.2648,76.787,2026-09-27,0.8,57,Past,2026-10-01 03:08:43,2026-10-01
Pathanamthitta,9.2648,76.787,2026-09-28,1.0,31,Past,2026-10-01 03:08:43,2026-10-01
Pathanamthitta,9.2648,76.787,2026-09-29,0.8,47,Past,2026-10-01 03:08:43,2026-10-01
Pathanamthitta,9.2648,76.787,2026-09-30,2.5,80,Past,2026-10-01 03:08:43,2026-10-01
Pathanamthitta,9.2648,76.787,2026-10-01,7.0,100,Forecast,2026-10-01 03:08:43,2026-10-01
Pathanamthitta,9.2648,76.787,2026-10-02,11.5,100,Forecast,2026-10-01 03:08:43,2026-10-01
Pathanamthitta,9.2648,76.787,2026-10-03,12.2,100,Forecast,2026-10-01 03:08:43,2026-10-01
Pathanamthitta,9.2648,76.787,2026-10-04,8.5,100,Forecast,2026-10-01 03:08:43,2026-10-01
Pathanamthitta,9.2648,76.787,2026-10-05,5.1,100,Forecast,2026-10-01 03:08:43,2026-10-01
Pathanamthitta,9.2648,76.787,2026-10-06,13.2,100,Forecast,2026-10-01 03:08:43,2026-10-01
Pathanamthitta,9.2648,76.787,2026-10-07,6.6,100,Forecast,2026-10-01 03:08:43,2026-10-01
Alappuzha,9.4981,76.3388,2026-09-24,8.6,100,Past,2026-10-01 03:08:43,2026-10-01
Alappuzha,9.4981,76.3388,2026-09-25,0.3,87,Past,2026-10-01 03:08:43,2026-10-01
Alappuzha,9.4981,76.3388,2026-09-26,0.4,45,Past,2026-10-01 03:08:43,2026-10-01
Alappuzha,9.4981,76.3388,2026-09-27,0.0,33,Past,2026-10-01 03:08:43,2026-10-01
Alappuzha,9.4981,76.3388,2026-09-28,0.8,41,Past,2026-10-01 03:08:43,2026-10-01
Alappuzha,9.4981,76.3388,2026-09-29,0.8,35,Past,2026-10-01 03:08:43,2026-10-01
Alappuzha,9.4981,76.3388,2026-09-30,1.4,84,Past,2026-10-01 03:08:43,2026-10-01
Alappuzha,9.4981,76.3388,2026-10-01,0.9,100,Forecast,2026-10-01 03:08:43,2026-10-01
Alappuzha,9.4981,76.3388,2026-10-02,7.0,100,Forecast,2026-10-01 03:08:43,2026-10-01
Alappuzha,9.4981,76.3388,2026-10-03,7.4,100,Forecast,2026-10-01 03:08:43,2026-10-01
Alappuzha,9.4981,76.3388,2026-10-04,3.0,100,Forecast,2026-10-01 03:08:43,2026-10-01
Alappuzha,9.4981,76.3388,2026-10-05,2.1,100,Forecast,2026-10-01 03:08:43,2026-10-01
Alappuzha,9.4981,76.3388,2026-10-06,5.7,100,Forecast,2026-10-01 03:08:43,2026-10-01
Alappuzha,9.4981,76.3388,2026-10-07,4.8,100,Forecast,2026-10-01 03:08:43,2026-10-01
Kottayam,9.5916,76.5222,2026-09-24,3.5,100,Past,2026-10-01 03:08:43,2026-10-01
Kottayam,9.5916,76.5222,2026-09-25,1.9,87,Past,2026-10-01 03:08:43,2026-10-01
Kottayam,9.5916,76.5222,2026-09-26,0.7,45,Past,2026-10-01 03:08:43,2026-10-01
Kottayam,9.5916,76.5222,2026-09-27,0.7,33,Past,2026-10-01 03:08:43,2026-10-01
Kottayam,9.5916,76.5222,2026-09-28,0.6,41,Past,2026-10-01 03:08:43,2026-10-01
Kottayam,9.5916,76.5222,2026-09-29,0.5,35,Past,2026-10-01 03:08:43,2026-10-01
Kottayam,9.5916,76.5222,2026-09-30,1.7,84,Past,2026-10-01 03:08:43,2026-10-01
Kottayam,9.5916,76.5222,2026-10-01,3.3,100,Forecast,2026-10-01 03:08:43,2026-10-01
Kottayam,9.5916,76.5222,2026-10-02,12.4,100,Forecast,2026-10-01 03:08:43,2026-10-01
Kottayam,9.5916,76.5222,2026-10-03,7.6,100,Forecast,2026-10-01 03:08:43,2026-10-01
Kottayam,9.5916,76.5222,2026-10-04,6.0,100,Forecast,2026-10-01 03:08:43,2026-10-01
Kottayam,9.5916,76.5222,2026-10-05,11.1,100,Forecast,2026-10-01 03:08:43,2026-10-01
Kottayam,9.5916,76.5222,2026-10-06,6.6,100,Forecast,2026-10-01 03:08:43,2026-10-01
Kottayam,9.5916,76.5222,2026-10-07,6.0,100,Forecast,2026-10-01 03:08:43,2026-10-01
Idukki,9.85,76.94,2026-09-24,9.3,100,Past,2026-10-01 03:08:43,2026-10-01
Idukki,9.85,76.94,2026-09-25,5.1,98,Past,2026-10-01 03:08:43,2026-10-01
Idukki,9.85,76.94,2026-09-26,3.3,90,Past,2026-10-01 03:08:43,2026-10-01
Idukki,9.85,76.94,2026-09-27,0.3,17,Past,2026-10-01 03:08:43,2026-10-01
Idukki,9.85,76.94,2026-09-28,8.5,100,Past,2026-10-01 03:08:43,2026-10-01
Idukki,9.85,76.94,2026-09-29,0.1,28,Past,2026-10-01 03:08:43,2026-10-01
Idukki,9.85,76.94,2026-09-30,2.6,100,Past,2026-10-01 03:08:43,2026-10-01
Idukki,9.85,76.94,2026-10-01,19.0,100,Forecast,2026-10-01 03:08:43,2026-10-01
Idukki,9.85,76.94,2026-10-02,6.4,100,Forecast,2026-10-01 03:08:43,2026-10-01
Idukki,9.85,76.94,2026-10-03,7.4,100,Forecast,2026-10-01 03:08:43,2026-10-01
Idukki,9.85,76.94,2026-10-04,24.3,100,Forecast,2026-10-01 03:08:43,2026-10-01
Idukki,9.85,76.94,2026-10-05,21.3,100,Forecast,2026-10-01 03:08:43,2026-10-01
Idukki,9.85,76.94,2026-10-06,10.5,98,Forecast,2026-10-01 03:08:43,2026-10-01
Idukki,9.85,76.94,2026-10-07,4.8,98,Forecast,2026-10-01 03:08:43,2026-10-01
Ernakulam,9.9312,76.2673,2026-09-24,1.3,88,Past,2026-10-01 03:08:43,2026-10-01
Ernakulam,9.9312,76.2673,2026-09-25,0.2,84,Past,2026-10-01 03:08:43,2026-10-01
Ernakulam,9.9312,76.2673,2026-09-26,0.2,27,Past,2026-10-01 03:08:43,2026-10-01
Ernakulam,9.9312,76.2673,2026-09-27,0.0,25,Past,2026-10-01 03:08:43,2026-10-01
Ernakulam,9.9312,76.2673,2026-09-28,0.1,35,Past,2026-10-01 03:08:43,2026-10-01
Ernakulam,9.9312,76.2673,2026-09-29,0.5,27,Past,2026-10-01 03:08:43,2026-10-01
Ernakulam,9.9312,76.2673,2026-09-30,0.7,53,Past,2026-10-01 03:08:43,2026-10-01
Ernakulam,9.9312,76.2673,2026-10-01,1.2,66,Forecast,2026-10-01 03:08:43,2026-10-01
Ernakulam,9.9312,76.2673,2026-10-02,3.9,99,Forecast,2026-10-01 03:08:43,2026-10-01
Ernakulam,9.9312,76.2673,2026-10-03,2.4,86,Forecast,2026-10-01 03:08:43,2026-10-01
Ernakulam,9.9312,76.2673,2026-10-04,1.5,81,Forecast,2026-10-01 03:08:43,2026-10-01
Ernakulam,9.9312,76.2673,2026-10-05,1.5,69,Forecast,2026-10-01 03:08:43,2026-10-01
Ernakulam,9.9312,76.2673,2026-10-06,4.2,82,Forecast,2026-10-01 03:08:43,2026-10-01
Ernakulam,9.9312,76.2673,2026-10-07,2.4,82,Forecast,2026-10-01 03:08:43,2026-10-01
Thrissur,10.5276,76.2144,2026-09-24,0.9,43,Past,2026-10-01 03:08:43,2026-10-01
Thrissur,10.5276,76.2144,2026-09-25,4.0,74,Past,2026-10-01 03:08:43,2026-10-01
Thrissur,10.5276,76.2144,2026-09-26,0.8,49,Past,2026-10-01 03:08:43,2026-10-01
Thrissur,10.5276,76.2144,2026-09-27,1.0,28,Past,2026-10-01 03:08:43,2026-10-01
Thrissur,10.5276,76.2144,2026-09-28,0.5,71,Past,2026-10-01 03:08:43,2026-10-01
Thrissur,10.5276,76.2144,2026-09-29,0.1,14,Past,2026-10-01 03:08:43,2026-10-01
Thrissur,10.5276,76.2144,2026-09-30,1.4,87,Past,2026-10-01 03:08:43,2026-10-01
Thrissur,10.5276,76.2144,2026-10-01,2.4,95,Forecast,2026-10-01 03:08:43,2026-10-01
Thrissur,10.5276,76.2144,2026-10-02,10.4,100,Forecast,2026-10-01 03:08:43,2026-10-01
Thrissur,10.5276,76.2144,2026-10-03,8.6,100,Forecast,2026-10-01 03:08:43,2026-10-01
Thrissur,10.5276,76.2144,2026-10-04,8.0,98,Forecast,2026-10-01 03:08:43,2026-10-01
Thrissur,10.5276,76.2144,2026-10-05,6.3,100,Forecast,2026-10-01 03:08:43,2026-10-01
Thrissur,10.5276,76.2144,2026-10-06,12.0,100,Forecast,2026-10-01 03:08:43,2026-10-01
Thrissur,10.5276,76.2144,2026-10-07,1.2,96,Forecast,2026-10-01 03:08:43,2026-10-01
Palakkad,10.7867,76.6548,2026-09-24,1.6,86,Past,2026-10-01 03:08:43,2026-10-01
Palakkad,10.7867,76.6548,2026-09-25,16.1,92,Past,2026-10-01 03:08:43,2026-10-01
Palakkad,10.7867,76.6548,2026-09-26,1.7,53,Past,2026-10-01 03:08:43,2026-10-01
Palakkad,10.7867,76.6548,2026-09-27,0.0,2,Past,2026-10-01 03:08:43,2026-10-01
Palakkad,10.7867,76.6548,2026-09-28,0.4,24,Past,2026-10-01 03:08:43,2026-10-01
Palakkad,10.7867,76.6548,2026-09-29,0.0,4,Past,2026-10-01 03:08:43,2026-10-01
Palakkad,10.7867,76.6548,2026-09-30,0.8,52,Past,2026-10-01 03:08:43,2026-10-01
Palakkad,10.7867,76.6548,2026-10-01,5.0,96,Forecast,2026-10-01 03:08:43,2026-10-01
Palakkad,10.7867,76.6548,2026-10-02,3.8,96,Forecast,2026-10-01 03:08:43,2026-10-01
Palakkad,10.7867,76.6548,2026-10-03,3.1,81,Forecast,2026-10-01 03:08:43,2026-10-01
Palakkad,10.7867,76.6548,2026-10-04,4.5,92,Forecast,2026-10-01 03:08:43,2026-10-01
Palakkad,10.7867,76.6548,2026-10-05,5.4,92,Forecast,2026-10-01 03:08:43,2026-10-01
Palakkad,10.7867,76.6548,2026-10-06,9.6,96,Forecast,2026-10-01 03:08:43,2026-10-01
Palakkad,10.7867,76.6548,2026-10-07,6.6,100,Forecast,2026-10-01 03:08:43,2026-10-01
Malappuram,11.051,76.0711,2026-09-24,1.5,76,Past,2026-10-01 03:08:43,2026-10-01
Malappuram,11.051,76.0711,2026-09-25,19.9,86,Past,2026-10-01 03:08:43,2026-10-01
Malappuram,11.051,76.0711,2026-09-26,1.2,49,Past,2026-10-01 03:08:43,2026-10-01
Malappuram,11.051,76.0711,2026-09-27,0.0,3,Past,2026-10-01 03:08:43,2026-10-01
Malappuram,11.051,76.0711,2026-09-28,1.8,71,Past,2026-10-01 03:08:43,2026-10-01
Malappuram,11.051,76.0711,2026-09-29,1.5,35,Past,2026-10-01 03:08:43,2026-10-01
Malappuram,11.051,76.0711,2026-09-30,0.8,82,Past,2026-10-01 03:08:43,2026-10-01
Malappuram,11.051,76.0711,2026-10-01,1.5,98,Forecast,2026-10-01 03:08:43,2026-10-01
Malappuram,11.051,76.0711,2026-10-02,5.3,100,Forecast,2026-10-01 03:08:43,2026-10-01
Malappuram,11.051,76.0711,2026-10-03,1.5,100,Forecast,2026-10-01 03:08:43,2026-10-01
Malappuram,11.051,76.0711,2026-10-04,7.8,100,Forecast,2026-10-01 03:08:43,2026-10-01
Malappuram,11.051,76.0711,2026-10-05,7.8,100,Forecast,2026-10-01 03:08:43,2026-10-01
Malappuram,11.051,76.0711,2026-10-06,9.3,100,Forecast,2026-10-01 03:08:43,2026-10-01
Malappuram,11.051,76.0711,2026-10-07,7.2,98,Forecast,2026-10-01 03:08:43,2026-10-01
Kozhikode,11.2588,75.7804,2026-09-24,2.9,98,Past,2026-10-01 03:08:43,2026-10-01
Kozhikode,11.2588,75.7804,2026-09-25,14.3,100,Past,2026-10-01 03:08:43,2026-10-01
Kozhikode,11.2588,75.7804,2026-09-26,0.4,71,Past,2026-10-01 03:08:43,2026-10-01
Kozhikode,11.2588,75.7804,2026-09-27,0.0,6,Past,2026-10-01 03:08:43,2026-10-01
Kozhikode,11.2588,75.7804,2026-09-28,0.2,78,Past,2026-10-01 03:08:43,2026-10-01
Kozhikode,11.2588,75.7804,2026-09-29,0.7,25,Past,2026-10-01 03:08:43,2026-10-01
Kozhikode,11.2588,75.7804,2026-09-30,0.8,65,Past,2026-10-01 03:08:43,2026-10-01
Kozhikode,11.2588,75.7804,2026-10-01,1.5,100,Forecast,2026-10-01 03:08:43,2026-10-01
Kozhikode,11.2588,75.7804,2026-10-02,1.9,100,Forecast,2026-10-01 03:08:43,2026-10-01
Kozhikode,11.2588,75.7804,2026-10-03,2.9,100,Forecast,2026-10-01 03:08:43,2026-10-01
Kozhikode,11.2588,75.7804,2026-10-04,2.1,100,Forecast,2026-10-01 03:08:43,2026-10-01
Kozhikode,11.2588,75.7804,2026-10-05,6.9,100,Forecast,2026-10-01 03:08:43,2026-10-01
Kozhikode,11.2588,75.7804,2026-10-06,6.6,98,Forecast,2026-10-01 03:08:43,2026-10-01
Kozhikode,11.2588,75.7804,2026-10-07,1.2,95,Forecast,2026-10-01 03:08:43,2026-10-01
Wayanad,11.6103,76.083,2026-09-24,1.7,100,Past,2026-10-01 03:08:43,2026-10-01
Wayanad,11.6103,76.083,2026-09-25,18.7,100,Past,2026-10-01 03:08:43,2026-10-01
Wayanad,11.6103,76.083,2026-09-26,2.0,98,Past,2026-10-01 03:08:43,2026-10-01
Wayanad,11.6103,76.083,2026-09-27,0.0,65,Past,2026-10-01 03:08:43,2026-10-01
Wayanad,11.6103,76.083,2026-09-28,2.6,94,Past,2026-10-01 03:08:43,2026-10-01
Wayanad,11.6103,76.083,2026-09-29,1.3,65,Past,2026-10-01 03:08:43,2026-10-01
Wayanad,11.6103,76.083,2026-09-30,3.5,96,Past,2026-10-01 03:08:43,2026-10-01
Wayanad,11.6103,76.083,2026-10-01,1.2,100,Forecast,2026-10-01 03:08:43,2026-10-01
Wayanad,11.6103,76.083,2026-10-02,4.8,100,Forecast,2026-10-01 03:08:43,2026-10-01
Wayanad,11.6103,76.083,2026-10-03,2.8,100,Forecast,2026-10-01 03:08:43,2026-10-01
Wayanad,11.6103,76.083,2026-10-04,6.4,100,Forecast,2026-10-01 03:08:43,2026-10-01
Wayanad,11.6103,76.083,2026-10-05,8.7,100,Forecast,2026-10-01 03:08:43,2026-10-01
Wayanad,11.6103,76.083,2026-10-06,9.6,100,Forecast,2026-10-01 03:08:43,2026-10-01
Wayanad,11.6103,76.083,2026-10-07,5.4,100,Forecast,2026-10-01 03:08:43,2026-10-01
Kannur,11.8745,75.3704,2026-09-24,7.7,100,Past,2026-10-01 03:08:43,2026-10-01
Kannur,11.8745,75.3704,2026-09-25,25.6,100,Past,2026-10-01 03:08:43,2026-10-01
Kannur,11.8745,75.3704,2026-09-26,0.3,25,Past,2026-10-01 03:08:43,2026-10-01
Kannur,11.8745,75.3704,2026-09-27,0.0,8,Past,2026-10-01 03:08:43,2026-10-01
Kannur,11.8745,75.3704,2026-09-28,0.0,8,Past,2026-10-01 03:08:43,2026-10-01
Kannur,11.8745,75.3704,2026-09-29,0.0,10,Past,2026-10-01 03:08:43,2026-10-01
Kannur,11.8745,75.3704,2026-09-30,0.4,25,Past,2026-10-01 03:08:43,2026-10-01
Kannur,11.8745,75.3704,2026-10-01,0.8,54,Forecast,2026-10-01 03:08:43,2026-10-01
Kannur,11.8745,75.3704,2026-10-02,1.5,93,Forecast,2026-10-01 03:08:43,2026-10-01
Kannur,11.8745,75.3704,2026-10-03,3.0,92,Forecast,2026-10-01 03:08:43,2026-10-01
Kannur,11.8745,75.3704,2026-10-04,1.2,82,Forecast,2026-10-01 03:08:43,2026-10-01
Kannur,11.8745,75.3704,2026-10-05,3.0,76,Forecast,2026-10-01 03:08:43,2026-10-01
Kannur,11.8745,75.3704,2026-10-06,10.2,68,Forecast,2026-10-01 03:08:43,2026-10-01
Kannur,11.8745,75.3704,2026-10-07,5.4,47,Forecast,2026-10-01 03:08:43,2026-10-01
Kasaragod,12.4996,74.9869,2026-09-24,8.2,100,Past,2026-10-01 03:08:43,2026-10-01
Kasaragod,12.4996,74.9869,2026-09-25,13.2,100,Past,2026-10-01 03:08:43,2026-10-01
Kasaragod,12.4996,74.9869,2026-09-26,1.1,51,Past,2026-10-01 03:08:43,2026-10-01
Kasaragod,12.4996,74.9869,2026-09-27,0.0,2,Past,2026-10-01 03:08:43,2026-10-01
Kasaragod,12.4996,74.9869,2026-09-28,0.1,8,Past,2026-10-01 03:08:43,2026-10-01
Kasaragod,12.4996,74.9869,2026-09-29,0.2,14,Past,2026-10-01 03:08:43,2026-10-01
Kasaragod,12.4996,74.9869,2026-09-30,1.4,14,Past,2026-10-01 03:08:43,2026-10-01
Kasaragod,12.4996,74.9869,2026-10-01,0.0,35,Forecast,2026-10-01 03:08:43,2026-10-01
Kasaragod,12.4996,74.9869,2026-10-02,3.8,73,Forecast,2026-10-01 03:08:43,2026-10-01
Kasaragod,12.4996,74.9869,2026-10-03,4.4,90,Forecast,2026-10-01 03:08:43,2026-10-01
Kasaragod,12.4996,74.9869,2026-10-04,1.0,77,Forecast,2026-10-01 03:08:43,2026-10-01
Kasaragod,12.4996,74.9869,2026-10-05,3.3,76,Forecast,2026-10-01 03:08:43,2026-10-01
Kasaragod,12.4996,74.9869,2026-10-06,1.8,69,Forecast,2026-10-01 03:08:43,2026-10-01
Kasaragod,12.4996,74.9869,2026-10-07,9.6,69,Forecast,2026-10-01 03:08:43,2026-10-01
Thiruvananthapuram,8.5241,76.9366,2026-09-25,4.2,94,Past,2026-10-02 03:36:00,2026-10-02
Thiruvananthapuram,8.5241,76.9366,2026-09-26,0.3,32,Past,2026-10-02 03:36:00,2026-10-02
Thiruvananthapuram,8.5241,76.9366,2026-09-27,0.5,69,Past,2026-10-02 03:36:00,2026-10-02
Thiruvananthapuram,8.5241,76.9366,2026-09-28,0.6,38,Past,2026-10-02 03:36:00,2026-10-02
Thiruvananthapuram,8.5241,76.9366,2026-09-29,0.0,10,Past,2026-10-02 03:36:00,2026-10-02
Thiruvananthapuram,8.5241,76.9366,2026-09-30,1.6,78,Past,2026-10-02 03:36:00,2026-10-02
Thiruvananthapuram,8.5241,76.9366,2026-10-01,12.0,100,Past,2026-10-02 03:36:00,2026-10-02
Thiruvananthapuram,8.5241,76.9366,2026-10-02,8.7,100,Forecast,2026-10-02 03:36:00,2026-10-02
Thiruvananthapuram,8.5241,76.9366,2026-10-03,7.0,100,Forecast,2026-10-02 03:36:00,2026-10-02
Thiruvananthapuram,8.5241,76.9366,2026-10-04,5.5,100,Forecast,2026-10-02 03:36:00,2026-10-02
Thiruvananthapuram,8.5241,76.9366,2026-10-05,7.5,100,Forecast,2026-10-02 03:36:00,2026-10-02
Thiruvananthapuram,8.5241,76.9366,2026-10-06,5.4,100,Forecast,2026-10-02 03:36:00,2026-10-02
Thiruvananthapuram,8.5241,76.9366,2026-10-07,5.1,98,Forecast,2026-10-02 03:36:00,2026-10-02
Thiruvananthapuram,8.5241,76.9366,2026-10-08,9.0,100,Forecast,2026-10-02 03:36:00,2026-10-02
Kollam,8.8932,76.6141,2026-09-25,1.9,90,Past,2026-10-02 03:36:00,2026-10-02
Kollam,8.8932,76.6141,2026-09-26,0.1,55,Past,2026-10-02 03:36:00,2026-10-02
Kollam,8.8932,76.6141,2026-09-27,0.4,69,Past,2026-10-02 03:36:00,2026-10-02
Kollam,8.8932,76.6141,2026-09-28,0.5,50,Past,2026-10-02 03:36:00,2026-10-02
Kollam,8.8932,76.6141,2026-09-29,0.3,53,Past,2026-10-02 03:36:00,2026-10-02
Kollam,8.8932,76.6141,2026-09-30,1.0,91,Past,2026-10-02 03:36:00,2026-10-02
Kollam,8.8932,76.6141,2026-10-01,3.2,100,Past,2026-10-02 03:36:00,2026-10-02
Kollam,8.8932,76.6141,2026-10-02,8.5,100,Forecast,2026-10-02 03:36:00,2026-10-02
Kollam,8.8932,76.6141,2026-10-03,2.0,100,Forecast,2026-10-02 03:36:00,2026-10-02
Kollam,8.8932,76.6141,2026-10-04,5.4,100,Forecast,2026-10-02 03:36:00,2026-10-02
Kollam,8.8932,76.6141,2026-10-05,3.1,100,Forecast,2026-10-02 03:36:00,2026-10-02
Kollam,8.8932,76.6141,2026-10-06,4.2,100,Forecast,2026-10-02 03:36:00,2026-10-02
Kollam,8.8932,76.6141,2026-10-07,1.5,99,Forecast,2026-10-02 03:36:00,2026-10-02
Kollam,8.8932,76.6141,2026-10-08,3.6,99,Forecast,2026-10-02 03:36:00,2026-10-02
Pathanamthitta,9.2648,76.787,2026-09-25,5.6,84,Past,2026-10-02 03:36:00,2026-10-02
Pathanamthitta,9.2648,76.787,2026-09-26,0.8,61,Past,2026-10-02 03:36:00,2026-10-02
Pathanamthitta,9.2648,76.787,2026-09-27,0.8,57,Past,2026-10-02 03:36:00,2026-10-02
Pathanamthitta,9.2648,76.787,2026-09-28,1.0,31,Past,2026-10-02 03:36:00,2026-10-02
Pathanamthitta,9.2648,76.787,2026-09-29,0.8,47,Past,2026-10-02 03:36:00,2026-10-02
Pathanamthitta,9.2648,76.787,2026-09-30,2.5,80,Past,2026-10-02 03:36:00,2026-10-02
Pathanamthitta,9.2648,76.787,2026-10-01,11.1,100,Past,2026-10-02 03:36:00,2026-10-02
Pathanamthitta,9.2648,76.787,2026-10-02,3.6,100,Forecast,2026-10-02 03:36:00,2026-10-02
Pathanamthitta,9.2648,76.787,2026-10-03,6.4,100,Forecast,2026-10-02 03:36:00,2026-10-02
Pathanamthitta,9.2648,76.787,2026-10-04,5.5,100,Forecast,2026-10-02 03:36:00,2026-10-02
Pathanamthitta,9.2648,76.787,2026-10-05,4.0,100,Forecast,2026-10-02 03:36:00,2026-10-02
Pathanamthitta,9.2648,76.787,2026-10-06,14.1,100,Forecast,2026-10-02 03:36:00,2026-10-02
Pathanamthitta,9.2648,76.787,2026-10-07,3.6,100,Forecast,2026-10-02 03:36:00,2026-10-02
Pathanamthitta,9.2648,76.787,2026-10-08,7.8,100,Forecast,2026-10-02 03:36:00,2026-10-02
Alappuzha,9.4981,76.3388,2026-09-25,0.3,87,Past,2026-10-02 03:36:00,2026-10-02
Alappuzha,9.4981,76.3388,2026-09-26,0.4,45,Past,2026-10-02 03:36:00,2026-10-02
Alappuzha,9.4981,76.3388,2026-09-27,0.0,33,Past,2026-10-02 03:36:00,2026-10-02
Alappuzha,9.4981,76.3388,2026-09-28,0.8,41,Past,2026-10-02 03:36:00,2026-10-02
Alappuzha,9.4981,76.3388,2026-09-29,0.8,35,Past,2026-10-02 03:36:00,2026-10-02
Alappuzha,9.4981,76.3388,2026-09-30,1.4,84,Past,2026-10-02 03:36:00,2026-10-02
Alappuzha,9.4981,76.3388,2026-10-01,2.3,100,Past,2026-10-02 03:36:00,2026-10-02
Alappuzha,9.4981,76.3388,2026-10-02,2.4,100,Forecast,2026-10-02 03:36:00,2026-10-02
Alappuzha,9.4981,76.3388,2026-10-03,3.7,100,Forecast,2026-10-02 03:36:00,2026-10-02
Alappuzha,9.4981,76.3388,2026-10-04,10.0,100,Forecast,2026-10-02 03:36:00,2026-10-02
Alappuzha,9.4981,76.3388,2026-10-05,5.1,100,Forecast,2026-10-02 03:36:00,2026-10-02
Alappuzha,9.4981,76.3388,2026-10-06,0.9,100,Forecast,2026-10-02 03:36:00,2026-10-02
Alappuzha,9.4981,76.3388,2026-10-07,3.9,100,Forecast,2026-10-02 03:36:00,2026-10-02
Alappuzha,9.4981,76.3388,2026-10-08,3.0,100,Forecast,2026-10-02 03:36:00,2026-10-02
Kottayam,9.5916,76.5222,2026-09-25,1.9,87,Past,2026-10-02 03:36:00,2026-10-02
Kottayam,9.5916,76.5222,2026-09-26,0.7,45,Past,2026-10-02 03:36:00,2026-10-02
Kottayam,9.5916,76.5222,2026-09-27,0.7,33,Past,2026-10-02 03:36:00,2026-10-02
Kottayam,9.5916,76.5222,2026-09-28,0.6,41,Past,2026-10-02 03:36:00,2026-10-02
Kottayam,9.5916,76.5222,2026-09-29,0.5,35,Past,2026-10-02 03:36:00,2026-10-02
Kottayam,9.5916,76.5222,2026-09-30,1.7,84,Past,2026-10-02 03:36:00,2026-10-02
Kottayam,9.5916,76.5222,2026-10-01,7.5,100,Past,2026-10-02 03:36:00,2026-10-02
Kottayam,9.5916,76.5222,2026-10-02,3.8,100,Forecast,2026-10-02 03:36:00,2026-10-02
Kottayam,9.5916,76.5222,2026-10-03,7.9,100,Forecast,2026-10-02 03:36:00,2026-10-02
Kottayam,9.5916,76.5222,2026-10-04,8.6,100,Forecast,2026-10-02 03:36:00,2026-10-02
Kottayam,9.5916,76.5222,2026-10-05,3.2,100,Forecast,2026-10-02 03:36:00,2026-10-02
Kottayam,9.5916,76.5222,2026-10-06,8.1,100,Forecast,2026-10-02 03:36:00,2026-10-02
Kottayam,9.5916,76.5222,2026-10-07,3.3,100,Forecast,2026-10-02 03:36:00,2026-10-02
Kottayam,9.5916,76.5222,2026-10-08,6.6,100,Forecast,2026-10-02 03:36:00,2026-10-02
Idukki,9.85,76.94,2026-09-25,5.1,98,Past,2026-10-02 03:36:00,2026-10-02
Idukki,9.85,76.94,2026-09-26,3.3,90,Past,2026-10-02 03:36:00,2026-10-02
Idukki,9.85,76.94,2026-09-27,0.3,17,Past,2026-10-02 03:36:00,2026-10-02
Idukki,9.85,76.94,2026-09-28,8.5,100,Past,2026-10-02 03:36:00,2026-10-02
Idukki,9.85,76.94,2026-09-29,0.1,28,Past,2026-10-02 03:36:00,2026-10-02
Idukki,9.85,76.94,2026-09-30,2.6,100,Past,2026-10-02 03:36:00,2026-10-02
Idukki,9.85,76.94,2026-10-01,6.3,100,Past,2026-10-02 03:36:00,2026-10-02
Idukki,9.85,76.94,2026-10-02,10.5,100,Forecast,2026-10-02 03:36:00,2026-10-02
Idukki,9.85,76.94,2026-10-03,6.1,100,Forecast,2026-10-02 03:36:00,2026-10-02
Idukki,9.85,76.94,2026-10-04,15.0,100,Forecast,2026-10-02 03:36:00,2026-10-02
Idukki,9.85,76.94,2026-10-05,9.5,100,Forecast,2026-10-02 03:36:00,2026-10-02
Idukki,9.85,76.94,2026-10-06,8.7,100,Forecast,2026-10-02 03:36:00,2026-10-02
Idukki,9.85,76.94,2026-10-07,6.9,98,Forecast,2026-10-02 03:36:00,2026-10-02
Idukki,9.85,76.94,2026-10-08,5.4,100,Forecast,2026-10-02 03:36:00,2026-10-02
Ernakulam,9.9312,76.2673,2026-09-25,0.2,84,Past,2026-10-02 03:36:00,2026-10-02
Ernakulam,9.9312,76.2673,2026-09-26,0.2,27,Past,2026-10-02 03:36:00,2026-10-02
Ernakulam,9.9312,76.2673,2026-09-27,0.0,25,Past,2026-10-02 03:36:00,2026-10-02
Ernakulam,9.9312,76.2673,2026-09-28,0.1,35,Past,2026-10-02 03:36:00,2026-10-02
Ernakulam,9.9312,76.2673,2026-09-29,0.5,27,Past,2026-10-02 03:36:00,2026-10-02
Ernakulam,9.9312,76.2673,2026-09-30,0.7,53,Past,2026-10-02 03:36:00,2026-10-02
Ernakulam,9.9312,76.2673,2026-10-01,0.8,54,Past,2026-10-02 03:36:00,2026-10-02
Ernakulam,9.9312,76.2673,2026-10-02,4.0,97,Forecast,2026-10-02 03:36:00,2026-10-02
Ernakulam,9.9312,76.2673,2026-10-03,2.2,80,Forecast,2026-10-02 03:36:00,2026-10-02
Ernakulam,9.9312,76.2673,2026-10-04,4.5,79,Forecast,2026-10-02 03:36:00,2026-10-02
Ernakulam,9.9312,76.2673,2026-10-05,2.5,56,Forecast,2026-10-02 03:36:00,2026-10-02
Ernakulam,9.9312,76.2673,2026-10-06,2.4,79,Forecast,2026-10-02 03:36:00,2026-10-02
Ernakulam,9.9312,76.2673,2026-10-07,2.1,82,Forecast,2026-10-02 03:36:00,2026-10-02
Ernakulam,9.9312,76.2673,2026-10-08,1.8,64,Forecast,2026-10-02 03:36:00,2026-10-02
Thrissur,10.5276,76.2144,2026-09-25,4.0,74,Past,2026-10-02 03:36:00,2026-10-02
Thrissur,10.5276,76.2144,2026-09-26,0.8,49,Past,2026-10-02 03:36:00,2026-10-02
Thrissur,10.5276,76.2144,2026-09-27,1.0,28,Past,2026-10-02 03:36:00,2026-10-02
Thrissur,10.5276,76.2144,2026-09-28,0.5,71,Past,2026-10-02 03:36:00,2026-10-02
Thrissur,10.5276,76.2144,2026-09-29,0.1,14,Past,2026-10-02 03:36:00,2026-10-02
Thrissur,10.5276,76.2144,2026-09-30,1.4,87,Past,2026-10-02 03:36:00,2026-10-02
Thrissur,10.5276,76.2144,2026-10-01,3.6,80,Past,2026-10-02 03:36:00,2026-10-02
Thrissur,10.5276,76.2144,2026-10-02,3.0,100,Forecast,2026-10-02 03:36:00,2026-10-02
Thrissur,10.5276,76.2144,2026-10-03,6.8,100,Forecast,2026-10-02 03:36:00,2026-10-02
Thrissur,10.5276,76.2144,2026-10-04,7.4,100,Forecast,2026-10-02 03:36:00,2026-10-02
Thrissur,10.5276,76.2144,2026-10-05,5.1,97,Forecast,2026-10-02 03:36:00,2026-10-02
Thrissur,10.5276,76.2144,2026-10-06,6.9,100,Forecast,2026-10-02 03:36:00,2026-10-02
Thrissur,10.5276,76.2144,2026-10-07,1.5,96,Forecast,2026-10-02 03:36:00,2026-10-02
Thrissur,10.5276,76.2144,2026-10-08,1.2,97,Forecast,2026-10-02 03:36:00,2026-10-02
Palakkad,10.7867,76.6548,2026-09-25,16.1,92,Past,2026-10-02 03:36:00,2026-10-02
Palakkad,10.7867,76.6548,2026-09-26,1.7,53,Past,2026-10-02 03:36:00,2026-10-02
Palakkad,10.7867,76.6548,2026-09-27,0.0,2,Past,2026-10-02 03:36:00,2026-10-02
Palakkad,10.7867,76.6548,2026-09-28,0.4,24,Past,2026-10-02 03:36:00,2026-10-02
Palakkad,10.7867,76.6548,2026-09-29,0.0,4,Past,2026-10-02 03:36:00,2026-10-02
Palakkad,10.7867,76.6548,2026-09-30,0.8,52,Past,2026-10-02 03:36:00,2026-10-02
Palakkad,10.7867,76.6548,2026-10-01,2.4,92,Past,2026-10-02 03:36:00,2026-10-02
Palakkad,10.7867,76.6548,2026-10-02,3.3,92,Forecast,2026-10-02 03:36:00,2026-10-02
Palakkad,10.7867,76.6548,2026-10-03,14.0,80,Forecast,2026-10-02 03:36:00,2026-10-02
Palakkad,10.7867,76.6548,2026-10-04,6.5,95,Forecast,2026-10-02 03:36:00,2026-10-02
Palakkad,10.7867,76.6548,2026-10-05,11.5,100,Forecast,2026-10-02 03:36:00,2026-10-02
Palakkad,10.7867,76.6548,2026-10-06,8.1,92,Forecast,2026-10-02 03:36:00,2026-10-02
Palakkad,10.7867,76.6548,2026-10-07,2.1,100,Forecast,2026-10-02 03:36:00,2026-10-02
Palakkad,10.7867,76.6548,2026-10-08,1.8,95,Forecast,2026-10-02 03:36:00,2026-10-02
Malappuram,11.051,76.0711,2026-09-25,19.9,86,Past,2026-10-02 03:36:00,2026-10-02
Malappuram,11.051,76.0711,2026-09-26,1.2,49,Past,2026-10-02 03:36:00,2026-10-02
Malappuram,11.051,76.0711,2026-09-27,0.0,3,Past,2026-10-02 03:36:00,2026-10-02
Malappuram,11.051,76.0711,2026-09-28,1.8,71,Past,2026-10-02 03:36:00,2026-10-02
Malappuram,11.051,76.0711,2026-09-29,1.5,35,Past,2026-10-02 03:36:00,2026-10-02
Malappuram,11.051,76.0711,2026-09-30,0.8,82,Past,2026-10-02 03:36:00,2026-10-02
Malappuram,11.051,76.0711,2026-10-01,1.0,90,Past,2026-10-02 03:36:00,2026-10-02
Malappuram,11.051,76.0711,2026-10-02,1.4,100,Forecast,2026-10-02 03:36:00,2026-10-02
Malappuram,11.051,76.0711,2026-10-03,2.5,100,Forecast,2026-10-02 03:36:00,2026-10-02
Malappuram,11.051,76.0711,2026-10-04,6.7,100,Forecast,2026-10-02 03:36:00,2026-10-02
Malappuram,11.051,76.0711,2026-10-05,7.1,100,Forecast,2026-10-02 03:36:00,2026-10-02
Malappuram,11.051,76.0711,2026-10-06,3.6,100,Forecast,2026-10-02 03:36:00,2026-10-02
Malappuram,11.051,76.0711,2026-10-07,6.3,98,Forecast,2026-10-02 03:36:00,2026-10-02
Malappuram,11.051,76.0711,2026-10-08,3.6,100,Forecast,2026-10-02 03:36:00,2026-10-02
Kozhikode,11.2588,75.7804,2026-09-25,14.3,100,Past,2026-10-02 03:36:00,2026-10-02
Kozhikode,11.2588,75.7804,2026-09-26,0.4,71,Past,2026-10-02 03:36:00,2026-10-02
Kozhikode,11.2588,75.7804,2026-09-27,0.0,6,Past,2026-10-02 03:36:00,2026-10-02
Kozhikode,11.2588,75.7804,2026-09-28,0.2,78,Past,2026-10-02 03:36:00,2026-10-02
Kozhikode,11.2588,75.7804,2026-09-29,0.7,25,Past,2026-10-02 03:36:00,2026-10-02
Kozhikode,11.2588,75.7804,2026-09-30,0.8,65,Past,2026-10-02 03:36:00,2026-10-02
Kozhikode,11.2588,75.7804,2026-10-01,1.7,100,Past,2026-10-02 03:36:00,2026-10-02
Kozhikode,11.2588,75.7804,2026-10-02,3.6,100,Forecast,2026-10-02 03:36:00,2026-10-02
Kozhikode,11.2588,75.7804,2026-10-03,5.8,100,Forecast,2026-10-02 03:36:00,2026-10-02
Kozhikode,11.2588,75.7804,2026-10-04,3.9,100,Forecast,2026-10-02 03:36:00,2026-10-02
Kozhikode,11.2588,75.7804,2026-10-05,6.0,100,Forecast,2026-10-02 03:36:00,2026-10-02
Kozhikode,11.2588,75.7804,2026-10-06,3.0,100,Forecast,2026-10-02 03:36:00,2026-10-02
Kozhikode,11.2588,75.7804,2026-10-07,12.6,95,Forecast,2026-10-02 03:36:00,2026-10-02
Kozhikode,11.2588,75.7804,2026-10-08,0.6,98,Forecast,2026-10-02 03:36:00,2026-10-02
Wayanad,11.6103,76.083,2026-09-25,18.7,100,Past,2026-10-02 03:36:00,2026-10-02
Wayanad,11.6103,76.083,2026-09-26,2.0,98,Past,2026-10-02 03:36:00,2026-10-02
Wayanad,11.6103,76.083,2026-09-27,0.0,65,Past,2026-10-02 03:36:00,2026-10-02
Wayanad,11.6103,76.083,2026-09-28,2.6,94,Past,2026-10-02 03:36:00,2026-10-02
Wayanad,11.6103,76.083,2026-09-29,1.3,65,Past,2026-10-02 03:36:00,2026-10-02
Wayanad,11.6103,76.083,2026-09-30,3.5,96,Past,2026-10-02 03:36:00,2026-10-02
Wayanad,11.6103,76.083,2026-10-01,2.1,100,Past,2026-10-02 03:36:00,2026-10-02
Wayanad,11.6103,76.083,2026-10-02,1.2,100,Forecast,2026-10-02 03:36:00,2026-10-02
Wayanad,11.6103,76.083,2026-10-03,2.4,100,Forecast,2026-10-02 03:36:00,2026-10-02
Wayanad,11.6103,76.083,2026-10-04,4.4,100,Forecast,2026-10-02 03:36:00,2026-10-02
Wayanad,11.6103,76.083,2026-10-05,9.9,100,Forecast,2026-10-02 03:36:00,2026-10-02
Wayanad,11.6103,76.083,2026-10-06,3.0,100,Forecast,2026-10-02 03:36:00,2026-10-02
Wayanad,11.6103,76.083,2026-10-07,4.5,100,Forecast,2026-10-02 03:36:00,2026-10-02
Wayanad,11.6103,76.083,2026-10-08,6.0,100,Forecast,2026-10-02 03:36:00,2026-10-02
Kannur,11.8745,75.3704,2026-09-25,25.6,100,Past,2026-10-02 03:36:00,2026-10-02
Kannur,11.8745,75.3704,2026-09-26,0.3,25,Past,2026-10-02 03:36:00,2026-10-02
Kannur,11.8745,75.3704,2026-09-27,0.0,8,Past,2026-10-02 03:36:00,2026-10-02
Kannur,11.8745,75.3704,2026-09-28,0.0,8,Past,2026-10-02 03:36:00,2026-10-02
Kannur,11.8745,75.3704,2026-09-29,0.0,10,Past,2026-10-02 03:36:00,2026-10-02
Kannur,11.8745,75.3704,2026-09-30,0.4,25,Past,2026-10-02 03:36:00,2026-10-02
Kannur,11.8745,75.3704,2026-10-01,1.5,82,Past,2026-10-02 03:36:00,2026-10-02
Kannur,11.8745,75.3704,2026-10-02,1.8,88,Forecast,2026-10-02 03:36:00,2026-10-02
Kannur,11.8745,75.3704,2026-10-03,4.2,79,Forecast,2026-10-02 03:36:00,2026-10-02
Kannur,11.8745,75.3704,2026-10-04,5.7,86,Forecast,2026-10-02 03:36:00,2026-10-02
Kannur,11.8745,75.3704,2026-10-05,3.3,71,Forecast,2026-10-02 03:36:00,2026-10-02
Kannur,11.8745,75.3704,2026-10-06,9.6,66,Forecast,2026-10-02 03:36:00,2026-10-02
Kannur,11.8745,75.3704,2026-10-07,6.3,58,Forecast,2026-10-02 03:36:00,2026-10-02
Kannur,11.8745,75.3704,2026-10-08,2.4,67,Forecast,2026-10-02 03:36:00,2026-10-02
Kasaragod,12.4996,74.9869,2026-09-25,13.2,100,Past,2026-10-02 03:36:00,2026-10-02
Kasaragod,12.4996,74.9869,2026-09-26,1.1,51,Past,2026-10-02 03:36:00,2026-10-02
Kasaragod,12.4996,74.9869,2026-09-27,0.0,2,Past,2026-10-02 03:36:00,2026-10-02
Kasaragod,12.4996,74.9869,2026-09-28,0.1,8,Past,2026-10-02 03:36:00,2026-10-02
Kasaragod,12.4996,74.9869,2026-09-29,0.2,14,Past,2026-10-02 03:36:00,2026-10-02
Kasaragod,12.4996,74.9869,2026-09-30,1.4,14,Past,2026-10-02 03:36:00,2026-10-02
Kasaragod,12.4996,74.9869,2026-10-01,1.8,49,Past,2026-10-02 03:36:00,2026-10-02
Kasaragod,12.4996,74.9869,2026-10-02,1.9,47,Forecast,2026-10-02 03:36:00,2026-10-02
Kasaragod,12.4996,74.9869,2026-10-03,3.2,92,Forecast,2026-10-02 03:36:00,2026-10-02
Kasaragod,12.4996,74.9869,2026-10-04,2.6,84,Forecast,2026-10-02 03:36:00,2026-10-02
Kasaragod,12.4996,74.9869,2026-10-05,4.9,75,Forecast,2026-10-02 03:36:00,2026-10-02
Kasaragod,12.4996,74.9869,2026-10-06,7.5,76,Forecast,2026-10-02 03:36:00,2026-10-02
Kasaragod,12.4996,74.9869,2026-10-07,3.6,69,Forecast,2026-10-02 03:36:00,2026-10-02
Kasaragod,12.4996,74.9869,2026-10-08,3.6,76,Forecast,2026-10-02 03:36:00,2026-10-02
